station_id,station_nid,source_name,display_name,river_km_raw,river_km,latitude,longitude,measurement_datetime_raw,measurement_datetime,measurement_date,level_raw,level_cm,variation_raw,variation_cm_24h,temperature_raw,water_temperature_c,capture_datetime_utc,capture_datetime_local,source_changed_datetime,record_hash,first_seen_at,last_seen_at,normalization_source,quality_flag
657e4b68-9e17-4102-a240-b2cf2f34ba27,82,Sulina,Sulina,0,0,45.15541425,29.652728883222,2026-08-08T03:00:00+03:00,2026-08-08T03:00:00+03:00,2026-08-08,58,58,0,0,28,28,2026-08-08T07:00:15Z,2026-08-08T10:00:15+03:00,2026-08-08T05:46:00+00:00,ae0e6aa7e12aa95e8c1d09d5f2066c85ec78b420f721d59f2925de91ed3987b9,2026-08-08T07:00:15Z,2026-08-08T07:00:15Z,AFDJ XML + reguli documentate,valid
733c61e2-3083-4766-9b49-9c51b6e6c7cc,84,Isaccea,Isaccea,103,103,45.2721887,28.4571456,2026-08-08T03:00:00+03:00,2026-08-08T03:00:00+03:00,2026-08-08,23,23,-2,-2,28,28,2026-08-08T07:00:15Z,2026-08-08T10:00:15+03:00,2026-08-08T05:46:02+00:00,ce1ce27913a4f08d57223efbfd579a3a5f1bc15ae850e84cd858dc8f3ab70bf9,2026-08-08T07:00:15Z,2026-08-08T07:00:15Z,AFDJ XML + reguli documentate,valid
c726848a-12e0-4961-be36-8a8d29ce9106,85,Galati,Galați,150,150,45.4338215,28.0549395,2026-08-08T03:00:00+03:00,2026-08-08T03:00:00+03:00,2026-08-08,25,25,-2,-2,28,28,2026-08-08T07:00:15Z,2026-08-08T10:00:15+03:00,2026-08-08T05:46:04+00:00,794dc184cff9b73e21d52f32b310c29354bf3575ffbe379064cb22bf3667ab0e,2026-08-08T07:00:15Z,2026-08-08T07:00:15Z,AFDJ XML + reguli documentate,valid
cc4f13d6-eccf-48bf-a3b2-2ed3b60e1f63,86,Braila,Brăila,170,170,45.2716092,27.9742932,2026-08-08T03:00:00+03:00,2026-08-08T03:00:00+03:00,2026-08-08,1,1,-3,-3,28,28,2026-08-08T07:00:15Z,2026-08-08T10:00:15+03:00,2026-08-08T05:46:04+00:00,12c28fe48095fb011835d733a60f57bd34a09e6fd16ec886fe16c78f9ec8af30,2026-08-08T07:00:15Z,2026-08-08T07:00:15Z,AFDJ XML + reguli documentate,valid
434d580b-1bc9-4210-aea9-3d263e8251fe,87,Harsova,Hârșova,253,253,44.6845557,27.9513766,2026-08-08T03:00:00+03:00,2026-08-08T03:00:00+03:00,2026-08-08,-122,-122,-3,-3,28,28,2026-08-08T07:00:15Z,2026-08-08T10:00:15+03:00,2026-08-08T05:46:06+00:00,01b730374e77663ffc2d46895a395bb5f55d5c04b15c26905654db386ae119fa,2026-08-08T07:00:15Z,2026-08-08T07:00:15Z,AFDJ XML + reguli documentate,valid
267d20a8-8a85-4d85-97e1-8aee686e9535,88,Cernavoda,Cernavodă,300,300,44.3416349,28.0316248,2026-08-08T03:00:00+03:00,2026-08-08T03:00:00+03:00,2026-08-08,-222,-222,-4,-4,28,28,2026-08-08T07:00:15Z,2026-08-08T10:00:15+03:00,2026-08-08T05:46:06+00:00,e214f6ccd382e5961ce684188c2997956dca6bbfe2df66e2a178bc54bab6da82,2026-08-08T07:00:15Z,2026-08-08T07:00:15Z,AFDJ XML + reguli documentate,valid
29f3d156-04e1-46bc-b699-bbea096e212f,89,Calarasi,Călărași,370,370,44.1961646,27.3313233,2026-08-08T03:00:00+03:00,2026-08-08T03:00:00+03:00,2026-08-08,-175,-175,-4,-4,28,28,2026-08-08T07:00:15Z,2026-08-08T10:00:15+03:00,2026-08-08T05:46:07+00:00,de356a6917ac8e4ac4b5febc21cebccc025c781488bbe3e79708ea344f3f26c0,2026-08-08T07:00:15Z,2026-08-08T07:00:15Z,AFDJ XML + reguli documentate,valid
e5eea969-9ccd-4b3e-9aa5-439c8f0d1ff0,90,Oltenita,Oltenița,430,430,44.0904556,26.6407009,2026-08-08T03:00:00+03:00,2026-08-08T03:00:00+03:00,2026-08-08,-133,-133,-3,-3,28,28,2026-08-08T07:00:15Z,2026-08-08T10:00:15+03:00,2026-08-08T05:46:07+00:00,5acad979155f705a0e7c31f346ce7d21e04566d3875f6fec089110844ef522ac,2026-08-08T07:00:15Z,2026-08-08T07:00:15Z,AFDJ XML + reguli documentate,valid
e3a30b68-5b3e-42d0-b6e7-82411594d811,91,Giurgiu,Giurgiu,493,493,43.8959058,25.9658111,2026-08-08T03:00:00+03:00,2026-08-08T03:00:00+03:00,2026-08-08,-172,-172,-3,-3,28,28,2026-08-08T07:00:15Z,2026-08-08T10:00:15+03:00,2026-08-08T05:46:07+00:00,4f4d619b308ed2ee81fb6aeaa2c339feee1401a4187d5d72a7e11bf069807508,2026-08-08T07:00:15Z,2026-08-08T07:00:15Z,AFDJ XML + reguli documentate,valid
fda97819-adbe-448c-bb6b-85e4aea435af,92,Zimnicea,Zimnicea,554,554,43.6542344,25.3655464,2026-08-08T03:00:00+03:00,2026-08-08T03:00:00+03:00,2026-08-08,-70,-70,-2,-2,28,28,2026-08-08T07:00:15Z,2026-08-08T10:00:15+03:00,2026-08-08T05:46:07+00:00,51466cb14b93e9e706bf97fbf06c8dc046106f6ccd2eb5f7a51b71fe6fb764d8,2026-08-08T07:00:15Z,2026-08-08T07:00:15Z,AFDJ XML + reguli documentate,valid
5f0aaecc-01c1-4828-be3a-405bf48702b8,93,Turnu Magurele,Turnu Măgurele,597,597,43.7518306,24.8691717,2026-08-08T03:00:00+03:00,2026-08-08T03:00:00+03:00,2026-08-08,-109,-109,-1,-1,28,28,2026-08-08T07:00:15Z,2026-08-08T10:00:15+03:00,2026-08-08T05:46:07+00:00,d144cd7b8afa5d3cab2258d36edd892e2d693e14388319288403e0c620e4b59f,2026-08-08T07:00:15Z,2026-08-08T07:00:15Z,AFDJ XML + reguli documentate,valid
b5ab6a64-d495-4137-b6a3-4c98d96836c9,94,Corabia,Corabia,630,630,43.7747612,24.5015439,2026-08-08T03:00:00+03:00,2026-08-08T03:00:00+03:00,2026-08-08,-137,-137,-1,-1,28,28,2026-08-08T07:00:15Z,2026-08-08T10:00:15+03:00,2026-08-08T05:46:07+00:00,db07f4c17a8a0deb0baf471ca8e35cf05104bcdc794714bf5f6e96f0e84da512,2026-08-08T07:00:15Z,2026-08-08T07:00:15Z,AFDJ XML + reguli documentate,valid
03013570-89c3-468d-929e-389aa605e929,95,Bechet,Bechet,679,679,43.784314,23.9574422,2026-08-08T03:00:00+03:00,2026-08-08T03:00:00+03:00,2026-08-08,-100,-100,0,0,28,28,2026-08-08T07:00:15Z,2026-08-08T10:00:15+03:00,2026-08-08T05:46:07+00:00,c50ff2eb9ae41b41a94e9d6aa9b0b18b3c2e1fb5a641d551a81583ca5cd874d9,2026-08-08T07:00:15Z,2026-08-08T07:00:15Z,AFDJ XML + reguli documentate,valid
89bd48d0-b491-4706-986d-d67ffc282f4e,96,Rast,Rast,738,738,43.8851672,23.2813472,2026-08-08T03:00:00+03:00,2026-08-08T03:00:00+03:00,2026-08-08,-163,-163,-1,-1,28,28,2026-08-08T07:00:15Z,2026-08-08T10:00:15+03:00,2026-08-08T05:46:07+00:00,e7a5107d637b76b69a72a2fcf8ed4e1ebe07fa1b22189c5d30a9d6d1dcca69a1,2026-08-08T07:00:15Z,2026-08-08T07:00:15Z,AFDJ XML + reguli documentate,valid
a4976c0d-d21d-4bda-b6bc-c19c0edc6123,97,Calafat,Calafat,795,795,43.9942983,22.9337027,2026-08-08T03:00:00+03:00,2026-08-08T03:00:00+03:00,2026-08-08,-172,-172,-2,-2,28,28,2026-08-08T07:00:15Z,2026-08-08T10:00:15+03:00,2026-08-08T05:46:09+00:00,b4531d3544011e341549f76bfda33f0cd3890ad536024b169b0e7fa74ff03673,2026-08-08T07:00:15Z,2026-08-08T07:00:15Z,AFDJ XML + reguli documentate,valid
031cc7fd-3f5f-4d3f-8c42-01438e8dd69a,98,Cetate,Cetate,811,811,44.1114259,23.0475514,2026-08-08T03:00:00+03:00,2026-08-08T03:00:00+03:00,2026-08-08,-113,-113,-1,-1,28,28,2026-08-08T07:00:15Z,2026-08-08T10:00:15+03:00,2026-08-08T05:46:09+00:00,0c259bc0eabb06b09791ae7839ff63e437ced31e003ea5fc6537619fc22fbf76,2026-08-08T07:00:15Z,2026-08-08T07:00:15Z,AFDJ XML + reguli documentate,valid
09b542d8-41d7-4746-8d84-e081f76a8c37,99,Gruia,Gruia,851,851,44.2665732,22.7046852,2026-08-08T03:00:00+03:00,2026-08-08T03:00:00+03:00,2026-08-08,-156,-156,0,0,28,28,2026-08-08T07:00:15Z,2026-08-08T10:00:15+03:00,2026-08-08T05:46:09+00:00,b15b10f97200687327a892434b5fce53b061d6779fc3912f3e26222312505256,2026-08-08T07:00:15Z,2026-08-08T07:00:15Z,AFDJ XML + reguli documentate,valid
3d63f295-2216-491e-86ba-a0e19b6b5fa3,100,Drobeta Turnu Severin,Drobeta-Turnu Severin,931,931,44.6257835,22.6531975,2026-08-08T03:00:00+03:00,2026-08-08T03:00:00+03:00,2026-08-08,665,665,-10,-10,28,28,2026-08-08T07:00:15Z,2026-08-08T10:00:15+03:00,2026-08-08T05:46:09+00:00,00036f3440bf888b4fa03d197aedc9d7ed0c81cfa23fd4d7a0ab8c64c2bd6e33,2026-08-08T07:00:15Z,2026-08-08T07:00:15Z,AFDJ XML + reguli documentate,valid
bbf5e3ee-6ed6-4b87-afee-d78643847aea,101,Orsova,Orșova,954,954,44.726128,22.392312975059,2026-08-08T03:00:00+03:00,2026-08-08T03:00:00+03:00,2026-08-08,2520,2520,12,12,28,28,2026-08-08T07:00:15Z,2026-08-08T10:00:15+03:00,2026-08-08T05:46:09+00:00,c902a498c93f4b5191ba5952b6a00934c96a051e3a6bef3c0da303abb22e2cba,2026-08-08T07:00:15Z,2026-08-08T07:00:15Z,AFDJ XML + reguli documentate,valid
841d8091-d02e-4c06-8391-7f5aa233b244,102,Drencova,Drencova,1015,1015,44.6377707,21.9723364,2026-08-08T03:00:00+03:00,2026-08-08T03:00:00+03:00,2026-08-08,964,964,3,3,28,28,2026-08-08T07:00:15Z,2026-08-08T10:00:15+03:00,2026-08-08T05:46:09+00:00,9a8dc35cb9a899fab23a7b00c462e0c8eab54488471bfef2a6bca4c564248632,2026-08-08T07:00:15Z,2026-08-08T07:00:15Z,AFDJ XML + reguli documentate,valid
264afec2-a181-408b-979c-473e5eaf4940,103,Moldova Veche,Moldova Veche,1048,1048,44.7213534,21.6198348,2026-08-08T03:00:00+03:00,2026-08-08T03:00:00+03:00,2026-08-08,690,690,0,0,28,28,2026-08-08T07:00:15Z,2026-08-08T10:00:15+03:00,2026-08-08T05:46:09+00:00,9bce7f5fc419d6a7076ae0d88429b8ba59029c61dbe2cb7f22d1deae7a9b1217,2026-08-08T07:00:15Z,2026-08-08T07:00:15Z,AFDJ XML + reguli documentate,valid
1a87220f-e0ae-4cf3-b921-e1e5b73f5f75,104,Bazias,Baziaș,1072,1072,44.8159071,21.39048,2026-08-08T03:00:00+03:00,2026-08-08T03:00:00+03:00,2026-08-08,540,540,-2,-2,28,28,2026-08-08T07:00:15Z,2026-08-08T10:00:15+03:00,2026-08-08T05:46:09+00:00,49d755dba63d6f59c22adad87328c71305a94a0521f8c5593b632509f9db6079,2026-08-08T07:00:15Z,2026-08-08T07:00:15Z,AFDJ XML + reguli documentate,valid
ec11d8f6-34c5-4d2d-afc2-4171b759c56a,5243,Tulcea,Tulcea,71,71,45.177518,28.8016348,2026-08-08T03:00:00+03:00,2026-08-08T03:00:00+03:00,2026-08-08,21,21,-1,-1,28,28,2026-08-08T07:00:15Z,2026-08-08T10:00:15+03:00,2026-08-08T05:46:00+00:00,cf6bdbb88f84522ce857b2c19ddc7601b144e4e331ec159435840789d8df0aad,2026-08-08T07:00:15Z,2026-08-08T07:00:15Z,AFDJ XML + reguli documentate,valid
