entity_type,logical_key,field_name,old_value,new_value,detected_at_utc,source_capture_sha256
forecast,"{""forecast_issue_datetime"": ""2026-08-04T03:00:00+03:00"", ""lead_hours"": ""24"", ""station_id"": ""657e4b68-9e17-4102-a240-b2cf2f34ba27""}",forecast_run_hash,0d60cda76d14f27ba451dbff1ba9a0a4518fda7ca549f1f49487bba24d3d252e,abcb6bf00821096eb7dae28d50ec879c59a7d713bd47fe5257962f54346e373e,2026-08-05T07:00:07Z,1dbc413ce1aa00d1549bda7a96491ea0691141c9b4e6713087953efddbea3bf7
forecast,"{""forecast_issue_datetime"": ""2026-08-04T03:00:00+03:00"", ""lead_hours"": ""48"", ""station_id"": ""657e4b68-9e17-4102-a240-b2cf2f34ba27""}",forecast_run_hash,0d60cda76d14f27ba451dbff1ba9a0a4518fda7ca549f1f49487bba24d3d252e,abcb6bf00821096eb7dae28d50ec879c59a7d713bd47fe5257962f54346e373e,2026-08-05T07:00:07Z,1dbc413ce1aa00d1549bda7a96491ea0691141c9b4e6713087953efddbea3bf7
forecast,"{""forecast_issue_datetime"": ""2026-08-04T03:00:00+03:00"", ""lead_hours"": ""72"", ""station_id"": ""657e4b68-9e17-4102-a240-b2cf2f34ba27""}",forecast_run_hash,0d60cda76d14f27ba451dbff1ba9a0a4518fda7ca549f1f49487bba24d3d252e,abcb6bf00821096eb7dae28d50ec879c59a7d713bd47fe5257962f54346e373e,2026-08-05T07:00:07Z,1dbc413ce1aa00d1549bda7a96491ea0691141c9b4e6713087953efddbea3bf7
forecast,"{""forecast_issue_datetime"": ""2026-08-04T03:00:00+03:00"", ""lead_hours"": ""96"", ""station_id"": ""657e4b68-9e17-4102-a240-b2cf2f34ba27""}",forecast_run_hash,0d60cda76d14f27ba451dbff1ba9a0a4518fda7ca549f1f49487bba24d3d252e,abcb6bf00821096eb7dae28d50ec879c59a7d713bd47fe5257962f54346e373e,2026-08-05T07:00:07Z,1dbc413ce1aa00d1549bda7a96491ea0691141c9b4e6713087953efddbea3bf7
forecast,"{""forecast_issue_datetime"": ""2026-08-04T03:00:00+03:00"", ""lead_hours"": ""120"", ""station_id"": ""657e4b68-9e17-4102-a240-b2cf2f34ba27""}",forecast_run_hash,0d60cda76d14f27ba451dbff1ba9a0a4518fda7ca549f1f49487bba24d3d252e,abcb6bf00821096eb7dae28d50ec879c59a7d713bd47fe5257962f54346e373e,2026-08-05T07:00:07Z,1dbc413ce1aa00d1549bda7a96491ea0691141c9b4e6713087953efddbea3bf7
forecast,"{""forecast_issue_datetime"": ""2026-08-04T03:00:00+03:00"", ""lead_hours"": ""24"", ""station_id"": ""733c61e2-3083-4766-9b49-9c51b6e6c7cc""}",forecast_run_hash,fa58e60b959ef1a99cf316b8452bd35a28caf749d7b95d5f80a1c935849ce212,a7c5b385f44d0d343d44c80ecdaf99dd392751d24aff19a6cd1a687130921a24,2026-08-05T07:00:07Z,1dbc413ce1aa00d1549bda7a96491ea0691141c9b4e6713087953efddbea3bf7
forecast,"{""forecast_issue_datetime"": ""2026-08-04T03:00:00+03:00"", ""lead_hours"": ""48"", ""station_id"": ""733c61e2-3083-4766-9b49-9c51b6e6c7cc""}",forecast_run_hash,fa58e60b959ef1a99cf316b8452bd35a28caf749d7b95d5f80a1c935849ce212,a7c5b385f44d0d343d44c80ecdaf99dd392751d24aff19a6cd1a687130921a24,2026-08-05T07:00:07Z,1dbc413ce1aa00d1549bda7a96491ea0691141c9b4e6713087953efddbea3bf7
forecast,"{""forecast_issue_datetime"": ""2026-08-04T03:00:00+03:00"", ""lead_hours"": ""72"", ""station_id"": ""733c61e2-3083-4766-9b49-9c51b6e6c7cc""}",forecast_run_hash,fa58e60b959ef1a99cf316b8452bd35a28caf749d7b95d5f80a1c935849ce212,a7c5b385f44d0d343d44c80ecdaf99dd392751d24aff19a6cd1a687130921a24,2026-08-05T07:00:07Z,1dbc413ce1aa00d1549bda7a96491ea0691141c9b4e6713087953efddbea3bf7
forecast,"{""forecast_issue_datetime"": ""2026-08-04T03:00:00+03:00"", ""lead_hours"": ""96"", ""station_id"": ""733c61e2-3083-4766-9b49-9c51b6e6c7cc""}",forecast_run_hash,fa58e60b959ef1a99cf316b8452bd35a28caf749d7b95d5f80a1c935849ce212,a7c5b385f44d0d343d44c80ecdaf99dd392751d24aff19a6cd1a687130921a24,2026-08-05T07:00:07Z,1dbc413ce1aa00d1549bda7a96491ea0691141c9b4e6713087953efddbea3bf7
forecast,"{""forecast_issue_datetime"": ""2026-08-04T03:00:00+03:00"", ""lead_hours"": ""120"", ""station_id"": ""733c61e2-3083-4766-9b49-9c51b6e6c7cc""}",forecast_run_hash,fa58e60b959ef1a99cf316b8452bd35a28caf749d7b95d5f80a1c935849ce212,a7c5b385f44d0d343d44c80ecdaf99dd392751d24aff19a6cd1a687130921a24,2026-08-05T07:00:07Z,1dbc413ce1aa00d1549bda7a96491ea0691141c9b4e6713087953efddbea3bf7
forecast,"{""forecast_issue_datetime"": ""2026-08-04T03:00:00+03:00"", ""lead_hours"": ""24"", ""station_id"": ""c726848a-12e0-4961-be36-8a8d29ce9106""}",forecast_run_hash,c019c1ec335a745a2e4bb71e087cf9b491d3ad3fcfd95280dc1e4cb2de8e7a5c,558180132017079fc43d96eec2394eb4bb607a3f9400dff0a8c63c8a81259b39,2026-08-05T07:00:07Z,1dbc413ce1aa00d1549bda7a96491ea0691141c9b4e6713087953efddbea3bf7
forecast,"{""forecast_issue_datetime"": ""2026-08-04T03:00:00+03:00"", ""lead_hours"": ""48"", ""station_id"": ""c726848a-12e0-4961-be36-8a8d29ce9106""}",forecast_run_hash,c019c1ec335a745a2e4bb71e087cf9b491d3ad3fcfd95280dc1e4cb2de8e7a5c,558180132017079fc43d96eec2394eb4bb607a3f9400dff0a8c63c8a81259b39,2026-08-05T07:00:07Z,1dbc413ce1aa00d1549bda7a96491ea0691141c9b4e6713087953efddbea3bf7
forecast,"{""forecast_issue_datetime"": ""2026-08-04T03:00:00+03:00"", ""lead_hours"": ""72"", ""station_id"": ""c726848a-12e0-4961-be36-8a8d29ce9106""}",forecast_run_hash,c019c1ec335a745a2e4bb71e087cf9b491d3ad3fcfd95280dc1e4cb2de8e7a5c,558180132017079fc43d96eec2394eb4bb607a3f9400dff0a8c63c8a81259b39,2026-08-05T07:00:07Z,1dbc413ce1aa00d1549bda7a96491ea0691141c9b4e6713087953efddbea3bf7
forecast,"{""forecast_issue_datetime"": ""2026-08-04T03:00:00+03:00"", ""lead_hours"": ""96"", ""station_id"": ""c726848a-12e0-4961-be36-8a8d29ce9106""}",forecast_run_hash,c019c1ec335a745a2e4bb71e087cf9b491d3ad3fcfd95280dc1e4cb2de8e7a5c,558180132017079fc43d96eec2394eb4bb607a3f9400dff0a8c63c8a81259b39,2026-08-05T07:00:07Z,1dbc413ce1aa00d1549bda7a96491ea0691141c9b4e6713087953efddbea3bf7
forecast,"{""forecast_issue_datetime"": ""2026-08-04T03:00:00+03:00"", ""lead_hours"": ""120"", ""station_id"": ""c726848a-12e0-4961-be36-8a8d29ce9106""}",forecast_run_hash,c019c1ec335a745a2e4bb71e087cf9b491d3ad3fcfd95280dc1e4cb2de8e7a5c,558180132017079fc43d96eec2394eb4bb607a3f9400dff0a8c63c8a81259b39,2026-08-05T07:00:07Z,1dbc413ce1aa00d1549bda7a96491ea0691141c9b4e6713087953efddbea3bf7
forecast,"{""forecast_issue_datetime"": ""2026-08-04T03:00:00+03:00"", ""lead_hours"": ""24"", ""station_id"": ""cc4f13d6-eccf-48bf-a3b2-2ed3b60e1f63""}",forecast_run_hash,4d4cfc0bd4bb56feecdb7608b1d72dbea661cdff583dac8bf2940336a4f5b782,0c3add5c70cab0b9b0ed6fd94873c4fcd7823aa866c143d53c9a3ad5bec83fbd,2026-08-05T07:00:07Z,1dbc413ce1aa00d1549bda7a96491ea0691141c9b4e6713087953efddbea3bf7
forecast,"{""forecast_issue_datetime"": ""2026-08-04T03:00:00+03:00"", ""lead_hours"": ""48"", ""station_id"": ""cc4f13d6-eccf-48bf-a3b2-2ed3b60e1f63""}",forecast_run_hash,4d4cfc0bd4bb56feecdb7608b1d72dbea661cdff583dac8bf2940336a4f5b782,0c3add5c70cab0b9b0ed6fd94873c4fcd7823aa866c143d53c9a3ad5bec83fbd,2026-08-05T07:00:07Z,1dbc413ce1aa00d1549bda7a96491ea0691141c9b4e6713087953efddbea3bf7
forecast,"{""forecast_issue_datetime"": ""2026-08-04T03:00:00+03:00"", ""lead_hours"": ""72"", ""station_id"": ""cc4f13d6-eccf-48bf-a3b2-2ed3b60e1f63""}",forecast_run_hash,4d4cfc0bd4bb56feecdb7608b1d72dbea661cdff583dac8bf2940336a4f5b782,0c3add5c70cab0b9b0ed6fd94873c4fcd7823aa866c143d53c9a3ad5bec83fbd,2026-08-05T07:00:07Z,1dbc413ce1aa00d1549bda7a96491ea0691141c9b4e6713087953efddbea3bf7
forecast,"{""forecast_issue_datetime"": ""2026-08-04T03:00:00+03:00"", ""lead_hours"": ""96"", ""station_id"": ""cc4f13d6-eccf-48bf-a3b2-2ed3b60e1f63""}",forecast_run_hash,4d4cfc0bd4bb56feecdb7608b1d72dbea661cdff583dac8bf2940336a4f5b782,0c3add5c70cab0b9b0ed6fd94873c4fcd7823aa866c143d53c9a3ad5bec83fbd,2026-08-05T07:00:07Z,1dbc413ce1aa00d1549bda7a96491ea0691141c9b4e6713087953efddbea3bf7
forecast,"{""forecast_issue_datetime"": ""2026-08-04T03:00:00+03:00"", ""lead_hours"": ""120"", ""station_id"": ""cc4f13d6-eccf-48bf-a3b2-2ed3b60e1f63""}",forecast_run_hash,4d4cfc0bd4bb56feecdb7608b1d72dbea661cdff583dac8bf2940336a4f5b782,0c3add5c70cab0b9b0ed6fd94873c4fcd7823aa866c143d53c9a3ad5bec83fbd,2026-08-05T07:00:07Z,1dbc413ce1aa00d1549bda7a96491ea0691141c9b4e6713087953efddbea3bf7
forecast,"{""forecast_issue_datetime"": ""2026-08-04T03:00:00+03:00"", ""lead_hours"": ""24"", ""station_id"": ""434d580b-1bc9-4210-aea9-3d263e8251fe""}",forecast_run_hash,5adf8ce5f1520353d756e2f5ee62019a8d3cdae922c9709f7b01766112d89c90,238152053ed466953c969206a47e50475c04977572b8655aab28fa6336df8886,2026-08-05T07:00:07Z,1dbc413ce1aa00d1549bda7a96491ea0691141c9b4e6713087953efddbea3bf7
forecast,"{""forecast_issue_datetime"": ""2026-08-04T03:00:00+03:00"", ""lead_hours"": ""48"", ""station_id"": ""434d580b-1bc9-4210-aea9-3d263e8251fe""}",forecast_run_hash,5adf8ce5f1520353d756e2f5ee62019a8d3cdae922c9709f7b01766112d89c90,238152053ed466953c969206a47e50475c04977572b8655aab28fa6336df8886,2026-08-05T07:00:07Z,1dbc413ce1aa00d1549bda7a96491ea0691141c9b4e6713087953efddbea3bf7
forecast,"{""forecast_issue_datetime"": ""2026-08-04T03:00:00+03:00"", ""lead_hours"": ""72"", ""station_id"": ""434d580b-1bc9-4210-aea9-3d263e8251fe""}",forecast_run_hash,5adf8ce5f1520353d756e2f5ee62019a8d3cdae922c9709f7b01766112d89c90,238152053ed466953c969206a47e50475c04977572b8655aab28fa6336df8886,2026-08-05T07:00:07Z,1dbc413ce1aa00d1549bda7a96491ea0691141c9b4e6713087953efddbea3bf7
forecast,"{""forecast_issue_datetime"": ""2026-08-04T03:00:00+03:00"", ""lead_hours"": ""96"", ""station_id"": ""434d580b-1bc9-4210-aea9-3d263e8251fe""}",forecast_run_hash,5adf8ce5f1520353d756e2f5ee62019a8d3cdae922c9709f7b01766112d89c90,238152053ed466953c969206a47e50475c04977572b8655aab28fa6336df8886,2026-08-05T07:00:07Z,1dbc413ce1aa00d1549bda7a96491ea0691141c9b4e6713087953efddbea3bf7
forecast,"{""forecast_issue_datetime"": ""2026-08-04T03:00:00+03:00"", ""lead_hours"": ""120"", ""station_id"": ""434d580b-1bc9-4210-aea9-3d263e8251fe""}",forecast_run_hash,5adf8ce5f1520353d756e2f5ee62019a8d3cdae922c9709f7b01766112d89c90,238152053ed466953c969206a47e50475c04977572b8655aab28fa6336df8886,2026-08-05T07:00:07Z,1dbc413ce1aa00d1549bda7a96491ea0691141c9b4e6713087953efddbea3bf7
forecast,"{""forecast_issue_datetime"": ""2026-08-04T03:00:00+03:00"", ""lead_hours"": ""24"", ""station_id"": ""267d20a8-8a85-4d85-97e1-8aee686e9535""}",forecast_run_hash,eeffc0a2568b9b0bf3c6b9735423d358231f2bb3af9613d317dbab8ec005e15e,8e6a2ed85a4d65d631a78849614c6637d1f587dd9c6e4d0904c9b7a1ae0fc4a9,2026-08-05T07:00:07Z,1dbc413ce1aa00d1549bda7a96491ea0691141c9b4e6713087953efddbea3bf7
forecast,"{""forecast_issue_datetime"": ""2026-08-04T03:00:00+03:00"", ""lead_hours"": ""48"", ""station_id"": ""267d20a8-8a85-4d85-97e1-8aee686e9535""}",forecast_run_hash,eeffc0a2568b9b0bf3c6b9735423d358231f2bb3af9613d317dbab8ec005e15e,8e6a2ed85a4d65d631a78849614c6637d1f587dd9c6e4d0904c9b7a1ae0fc4a9,2026-08-05T07:00:07Z,1dbc413ce1aa00d1549bda7a96491ea0691141c9b4e6713087953efddbea3bf7
forecast,"{""forecast_issue_datetime"": ""2026-08-04T03:00:00+03:00"", ""lead_hours"": ""72"", ""station_id"": ""267d20a8-8a85-4d85-97e1-8aee686e9535""}",forecast_run_hash,eeffc0a2568b9b0bf3c6b9735423d358231f2bb3af9613d317dbab8ec005e15e,8e6a2ed85a4d65d631a78849614c6637d1f587dd9c6e4d0904c9b7a1ae0fc4a9,2026-08-05T07:00:07Z,1dbc413ce1aa00d1549bda7a96491ea0691141c9b4e6713087953efddbea3bf7
forecast,"{""forecast_issue_datetime"": ""2026-08-04T03:00:00+03:00"", ""lead_hours"": ""96"", ""station_id"": ""267d20a8-8a85-4d85-97e1-8aee686e9535""}",forecast_run_hash,eeffc0a2568b9b0bf3c6b9735423d358231f2bb3af9613d317dbab8ec005e15e,8e6a2ed85a4d65d631a78849614c6637d1f587dd9c6e4d0904c9b7a1ae0fc4a9,2026-08-05T07:00:07Z,1dbc413ce1aa00d1549bda7a96491ea0691141c9b4e6713087953efddbea3bf7
forecast,"{""forecast_issue_datetime"": ""2026-08-04T03:00:00+03:00"", ""lead_hours"": ""120"", ""station_id"": ""267d20a8-8a85-4d85-97e1-8aee686e9535""}",forecast_run_hash,eeffc0a2568b9b0bf3c6b9735423d358231f2bb3af9613d317dbab8ec005e15e,8e6a2ed85a4d65d631a78849614c6637d1f587dd9c6e4d0904c9b7a1ae0fc4a9,2026-08-05T07:00:07Z,1dbc413ce1aa00d1549bda7a96491ea0691141c9b4e6713087953efddbea3bf7
forecast,"{""forecast_issue_datetime"": ""2026-08-04T03:00:00+03:00"", ""lead_hours"": ""24"", ""station_id"": ""29f3d156-04e1-46bc-b699-bbea096e212f""}",forecast_run_hash,6d81e2aabbff34348144afdd9ff5322939965b07a40ae7ccfa971b622bb08773,0660358f75360df4d6fe31f9194f270eb2763fac9ed4050746759bf490095e6c,2026-08-05T07:00:07Z,1dbc413ce1aa00d1549bda7a96491ea0691141c9b4e6713087953efddbea3bf7
forecast,"{""forecast_issue_datetime"": ""2026-08-04T03:00:00+03:00"", ""lead_hours"": ""48"", ""station_id"": ""29f3d156-04e1-46bc-b699-bbea096e212f""}",forecast_run_hash,6d81e2aabbff34348144afdd9ff5322939965b07a40ae7ccfa971b622bb08773,0660358f75360df4d6fe31f9194f270eb2763fac9ed4050746759bf490095e6c,2026-08-05T07:00:07Z,1dbc413ce1aa00d1549bda7a96491ea0691141c9b4e6713087953efddbea3bf7
forecast,"{""forecast_issue_datetime"": ""2026-08-04T03:00:00+03:00"", ""lead_hours"": ""72"", ""station_id"": ""29f3d156-04e1-46bc-b699-bbea096e212f""}",forecast_run_hash,6d81e2aabbff34348144afdd9ff5322939965b07a40ae7ccfa971b622bb08773,0660358f75360df4d6fe31f9194f270eb2763fac9ed4050746759bf490095e6c,2026-08-05T07:00:07Z,1dbc413ce1aa00d1549bda7a96491ea0691141c9b4e6713087953efddbea3bf7
forecast,"{""forecast_issue_datetime"": ""2026-08-04T03:00:00+03:00"", ""lead_hours"": ""96"", ""station_id"": ""29f3d156-04e1-46bc-b699-bbea096e212f""}",forecast_run_hash,6d81e2aabbff34348144afdd9ff5322939965b07a40ae7ccfa971b622bb08773,0660358f75360df4d6fe31f9194f270eb2763fac9ed4050746759bf490095e6c,2026-08-05T07:00:07Z,1dbc413ce1aa00d1549bda7a96491ea0691141c9b4e6713087953efddbea3bf7
forecast,"{""forecast_issue_datetime"": ""2026-08-04T03:00:00+03:00"", ""lead_hours"": ""120"", ""station_id"": ""29f3d156-04e1-46bc-b699-bbea096e212f""}",forecast_run_hash,6d81e2aabbff34348144afdd9ff5322939965b07a40ae7ccfa971b622bb08773,0660358f75360df4d6fe31f9194f270eb2763fac9ed4050746759bf490095e6c,2026-08-05T07:00:07Z,1dbc413ce1aa00d1549bda7a96491ea0691141c9b4e6713087953efddbea3bf7
forecast,"{""forecast_issue_datetime"": ""2026-08-04T03:00:00+03:00"", ""lead_hours"": ""24"", ""station_id"": ""e5eea969-9ccd-4b3e-9aa5-439c8f0d1ff0""}",forecast_run_hash,51a95828b6999c2e2f4f015d8a5ac31f582bdc18b3f0e44eb69de93da17c2cb8,00d62dd84ebdae47882205252a4de8a61bc337923319f64e4e6d3edfbaa114c0,2026-08-05T07:00:07Z,1dbc413ce1aa00d1549bda7a96491ea0691141c9b4e6713087953efddbea3bf7
forecast,"{""forecast_issue_datetime"": ""2026-08-04T03:00:00+03:00"", ""lead_hours"": ""48"", ""station_id"": ""e5eea969-9ccd-4b3e-9aa5-439c8f0d1ff0""}",forecast_run_hash,51a95828b6999c2e2f4f015d8a5ac31f582bdc18b3f0e44eb69de93da17c2cb8,00d62dd84ebdae47882205252a4de8a61bc337923319f64e4e6d3edfbaa114c0,2026-08-05T07:00:07Z,1dbc413ce1aa00d1549bda7a96491ea0691141c9b4e6713087953efddbea3bf7
forecast,"{""forecast_issue_datetime"": ""2026-08-04T03:00:00+03:00"", ""lead_hours"": ""72"", ""station_id"": ""e5eea969-9ccd-4b3e-9aa5-439c8f0d1ff0""}",forecast_run_hash,51a95828b6999c2e2f4f015d8a5ac31f582bdc18b3f0e44eb69de93da17c2cb8,00d62dd84ebdae47882205252a4de8a61bc337923319f64e4e6d3edfbaa114c0,2026-08-05T07:00:07Z,1dbc413ce1aa00d1549bda7a96491ea0691141c9b4e6713087953efddbea3bf7
forecast,"{""forecast_issue_datetime"": ""2026-08-04T03:00:00+03:00"", ""lead_hours"": ""96"", ""station_id"": ""e5eea969-9ccd-4b3e-9aa5-439c8f0d1ff0""}",forecast_run_hash,51a95828b6999c2e2f4f015d8a5ac31f582bdc18b3f0e44eb69de93da17c2cb8,00d62dd84ebdae47882205252a4de8a61bc337923319f64e4e6d3edfbaa114c0,2026-08-05T07:00:07Z,1dbc413ce1aa00d1549bda7a96491ea0691141c9b4e6713087953efddbea3bf7
forecast,"{""forecast_issue_datetime"": ""2026-08-04T03:00:00+03:00"", ""lead_hours"": ""120"", ""station_id"": ""e5eea969-9ccd-4b3e-9aa5-439c8f0d1ff0""}",forecast_run_hash,51a95828b6999c2e2f4f015d8a5ac31f582bdc18b3f0e44eb69de93da17c2cb8,00d62dd84ebdae47882205252a4de8a61bc337923319f64e4e6d3edfbaa114c0,2026-08-05T07:00:07Z,1dbc413ce1aa00d1549bda7a96491ea0691141c9b4e6713087953efddbea3bf7
forecast,"{""forecast_issue_datetime"": ""2026-08-04T03:00:00+03:00"", ""lead_hours"": ""24"", ""station_id"": ""e3a30b68-5b3e-42d0-b6e7-82411594d811""}",forecast_run_hash,af589a6029149bbc53c80f6a43e3bedca3add37d65b81a891ec1c408883505bb,f00797dd9d41a4d0f20d251a23436c084a91746018c637990008123fe73dc103,2026-08-05T07:00:07Z,1dbc413ce1aa00d1549bda7a96491ea0691141c9b4e6713087953efddbea3bf7
forecast,"{""forecast_issue_datetime"": ""2026-08-04T03:00:00+03:00"", ""lead_hours"": ""48"", ""station_id"": ""e3a30b68-5b3e-42d0-b6e7-82411594d811""}",forecast_run_hash,af589a6029149bbc53c80f6a43e3bedca3add37d65b81a891ec1c408883505bb,f00797dd9d41a4d0f20d251a23436c084a91746018c637990008123fe73dc103,2026-08-05T07:00:07Z,1dbc413ce1aa00d1549bda7a96491ea0691141c9b4e6713087953efddbea3bf7
forecast,"{""forecast_issue_datetime"": ""2026-08-04T03:00:00+03:00"", ""lead_hours"": ""72"", ""station_id"": ""e3a30b68-5b3e-42d0-b6e7-82411594d811""}",forecast_run_hash,af589a6029149bbc53c80f6a43e3bedca3add37d65b81a891ec1c408883505bb,f00797dd9d41a4d0f20d251a23436c084a91746018c637990008123fe73dc103,2026-08-05T07:00:07Z,1dbc413ce1aa00d1549bda7a96491ea0691141c9b4e6713087953efddbea3bf7
forecast,"{""forecast_issue_datetime"": ""2026-08-04T03:00:00+03:00"", ""lead_hours"": ""96"", ""station_id"": ""e3a30b68-5b3e-42d0-b6e7-82411594d811""}",forecast_run_hash,af589a6029149bbc53c80f6a43e3bedca3add37d65b81a891ec1c408883505bb,f00797dd9d41a4d0f20d251a23436c084a91746018c637990008123fe73dc103,2026-08-05T07:00:07Z,1dbc413ce1aa00d1549bda7a96491ea0691141c9b4e6713087953efddbea3bf7
forecast,"{""forecast_issue_datetime"": ""2026-08-04T03:00:00+03:00"", ""lead_hours"": ""120"", ""station_id"": ""e3a30b68-5b3e-42d0-b6e7-82411594d811""}",forecast_run_hash,af589a6029149bbc53c80f6a43e3bedca3add37d65b81a891ec1c408883505bb,f00797dd9d41a4d0f20d251a23436c084a91746018c637990008123fe73dc103,2026-08-05T07:00:07Z,1dbc413ce1aa00d1549bda7a96491ea0691141c9b4e6713087953efddbea3bf7
forecast,"{""forecast_issue_datetime"": ""2026-08-04T03:00:00+03:00"", ""lead_hours"": ""24"", ""station_id"": ""fda97819-adbe-448c-bb6b-85e4aea435af""}",forecast_run_hash,4be01db91523d646c81f8e74166400d9f03f6e856262190bdc1d2112b7e4ea0b,5d805a319afd50195c4f8d7f7628bf964519bff432e043d0cd558465eba95f59,2026-08-05T07:00:07Z,1dbc413ce1aa00d1549bda7a96491ea0691141c9b4e6713087953efddbea3bf7
forecast,"{""forecast_issue_datetime"": ""2026-08-04T03:00:00+03:00"", ""lead_hours"": ""48"", ""station_id"": ""fda97819-adbe-448c-bb6b-85e4aea435af""}",forecast_run_hash,4be01db91523d646c81f8e74166400d9f03f6e856262190bdc1d2112b7e4ea0b,5d805a319afd50195c4f8d7f7628bf964519bff432e043d0cd558465eba95f59,2026-08-05T07:00:07Z,1dbc413ce1aa00d1549bda7a96491ea0691141c9b4e6713087953efddbea3bf7
forecast,"{""forecast_issue_datetime"": ""2026-08-04T03:00:00+03:00"", ""lead_hours"": ""72"", ""station_id"": ""fda97819-adbe-448c-bb6b-85e4aea435af""}",forecast_run_hash,4be01db91523d646c81f8e74166400d9f03f6e856262190bdc1d2112b7e4ea0b,5d805a319afd50195c4f8d7f7628bf964519bff432e043d0cd558465eba95f59,2026-08-05T07:00:07Z,1dbc413ce1aa00d1549bda7a96491ea0691141c9b4e6713087953efddbea3bf7
forecast,"{""forecast_issue_datetime"": ""2026-08-04T03:00:00+03:00"", ""lead_hours"": ""96"", ""station_id"": ""fda97819-adbe-448c-bb6b-85e4aea435af""}",forecast_run_hash,4be01db91523d646c81f8e74166400d9f03f6e856262190bdc1d2112b7e4ea0b,5d805a319afd50195c4f8d7f7628bf964519bff432e043d0cd558465eba95f59,2026-08-05T07:00:07Z,1dbc413ce1aa00d1549bda7a96491ea0691141c9b4e6713087953efddbea3bf7
forecast,"{""forecast_issue_datetime"": ""2026-08-04T03:00:00+03:00"", ""lead_hours"": ""120"", ""station_id"": ""fda97819-adbe-448c-bb6b-85e4aea435af""}",forecast_run_hash,4be01db91523d646c81f8e74166400d9f03f6e856262190bdc1d2112b7e4ea0b,5d805a319afd50195c4f8d7f7628bf964519bff432e043d0cd558465eba95f59,2026-08-05T07:00:07Z,1dbc413ce1aa00d1549bda7a96491ea0691141c9b4e6713087953efddbea3bf7
forecast,"{""forecast_issue_datetime"": ""2026-08-04T03:00:00+03:00"", ""lead_hours"": ""24"", ""station_id"": ""5f0aaecc-01c1-4828-be3a-405bf48702b8""}",forecast_run_hash,f018471b5fcfa5205e1b2d710c4b8c2118b83105d7eabba5d526efb77d3dfb46,60887911e5101490a3c1d7903c3630ac9735cb5cb39ba2693e8435c2e7a8a081,2026-08-05T07:00:07Z,1dbc413ce1aa00d1549bda7a96491ea0691141c9b4e6713087953efddbea3bf7
forecast,"{""forecast_issue_datetime"": ""2026-08-04T03:00:00+03:00"", ""lead_hours"": ""48"", ""station_id"": ""5f0aaecc-01c1-4828-be3a-405bf48702b8""}",forecast_run_hash,f018471b5fcfa5205e1b2d710c4b8c2118b83105d7eabba5d526efb77d3dfb46,60887911e5101490a3c1d7903c3630ac9735cb5cb39ba2693e8435c2e7a8a081,2026-08-05T07:00:07Z,1dbc413ce1aa00d1549bda7a96491ea0691141c9b4e6713087953efddbea3bf7
forecast,"{""forecast_issue_datetime"": ""2026-08-04T03:00:00+03:00"", ""lead_hours"": ""72"", ""station_id"": ""5f0aaecc-01c1-4828-be3a-405bf48702b8""}",forecast_run_hash,f018471b5fcfa5205e1b2d710c4b8c2118b83105d7eabba5d526efb77d3dfb46,60887911e5101490a3c1d7903c3630ac9735cb5cb39ba2693e8435c2e7a8a081,2026-08-05T07:00:07Z,1dbc413ce1aa00d1549bda7a96491ea0691141c9b4e6713087953efddbea3bf7
forecast,"{""forecast_issue_datetime"": ""2026-08-04T03:00:00+03:00"", ""lead_hours"": ""96"", ""station_id"": ""5f0aaecc-01c1-4828-be3a-405bf48702b8""}",forecast_run_hash,f018471b5fcfa5205e1b2d710c4b8c2118b83105d7eabba5d526efb77d3dfb46,60887911e5101490a3c1d7903c3630ac9735cb5cb39ba2693e8435c2e7a8a081,2026-08-05T07:00:07Z,1dbc413ce1aa00d1549bda7a96491ea0691141c9b4e6713087953efddbea3bf7
forecast,"{""forecast_issue_datetime"": ""2026-08-04T03:00:00+03:00"", ""lead_hours"": ""120"", ""station_id"": ""5f0aaecc-01c1-4828-be3a-405bf48702b8""}",forecast_run_hash,f018471b5fcfa5205e1b2d710c4b8c2118b83105d7eabba5d526efb77d3dfb46,60887911e5101490a3c1d7903c3630ac9735cb5cb39ba2693e8435c2e7a8a081,2026-08-05T07:00:07Z,1dbc413ce1aa00d1549bda7a96491ea0691141c9b4e6713087953efddbea3bf7
forecast,"{""forecast_issue_datetime"": ""2026-08-04T03:00:00+03:00"", ""lead_hours"": ""24"", ""station_id"": ""b5ab6a64-d495-4137-b6a3-4c98d96836c9""}",forecast_run_hash,9fb687b6921539c2b5725bec7ebbf5c3caae172afa38b4da61c8b8924377efb7,cd854b61f980aea9c867bffd17c33dc86046818e70c1826ce290f5ac21689eb2,2026-08-05T07:00:07Z,1dbc413ce1aa00d1549bda7a96491ea0691141c9b4e6713087953efddbea3bf7
forecast,"{""forecast_issue_datetime"": ""2026-08-04T03:00:00+03:00"", ""lead_hours"": ""48"", ""station_id"": ""b5ab6a64-d495-4137-b6a3-4c98d96836c9""}",forecast_run_hash,9fb687b6921539c2b5725bec7ebbf5c3caae172afa38b4da61c8b8924377efb7,cd854b61f980aea9c867bffd17c33dc86046818e70c1826ce290f5ac21689eb2,2026-08-05T07:00:07Z,1dbc413ce1aa00d1549bda7a96491ea0691141c9b4e6713087953efddbea3bf7
forecast,"{""forecast_issue_datetime"": ""2026-08-04T03:00:00+03:00"", ""lead_hours"": ""72"", ""station_id"": ""b5ab6a64-d495-4137-b6a3-4c98d96836c9""}",forecast_run_hash,9fb687b6921539c2b5725bec7ebbf5c3caae172afa38b4da61c8b8924377efb7,cd854b61f980aea9c867bffd17c33dc86046818e70c1826ce290f5ac21689eb2,2026-08-05T07:00:07Z,1dbc413ce1aa00d1549bda7a96491ea0691141c9b4e6713087953efddbea3bf7
forecast,"{""forecast_issue_datetime"": ""2026-08-04T03:00:00+03:00"", ""lead_hours"": ""96"", ""station_id"": ""b5ab6a64-d495-4137-b6a3-4c98d96836c9""}",forecast_run_hash,9fb687b6921539c2b5725bec7ebbf5c3caae172afa38b4da61c8b8924377efb7,cd854b61f980aea9c867bffd17c33dc86046818e70c1826ce290f5ac21689eb2,2026-08-05T07:00:07Z,1dbc413ce1aa00d1549bda7a96491ea0691141c9b4e6713087953efddbea3bf7
forecast,"{""forecast_issue_datetime"": ""2026-08-04T03:00:00+03:00"", ""lead_hours"": ""120"", ""station_id"": ""b5ab6a64-d495-4137-b6a3-4c98d96836c9""}",forecast_run_hash,9fb687b6921539c2b5725bec7ebbf5c3caae172afa38b4da61c8b8924377efb7,cd854b61f980aea9c867bffd17c33dc86046818e70c1826ce290f5ac21689eb2,2026-08-05T07:00:07Z,1dbc413ce1aa00d1549bda7a96491ea0691141c9b4e6713087953efddbea3bf7
forecast,"{""forecast_issue_datetime"": ""2026-08-04T03:00:00+03:00"", ""lead_hours"": ""24"", ""station_id"": ""03013570-89c3-468d-929e-389aa605e929""}",forecast_run_hash,7f261110d20703ea444f162545e24274321a2b80f0c920d3587ba4e4a45094d9,41a4c5d2fadd82e4bd7f91bd22ce77cf3a2663cd485267b113bf8a87e8b7434c,2026-08-05T07:00:07Z,1dbc413ce1aa00d1549bda7a96491ea0691141c9b4e6713087953efddbea3bf7
forecast,"{""forecast_issue_datetime"": ""2026-08-04T03:00:00+03:00"", ""lead_hours"": ""48"", ""station_id"": ""03013570-89c3-468d-929e-389aa605e929""}",forecast_run_hash,7f261110d20703ea444f162545e24274321a2b80f0c920d3587ba4e4a45094d9,41a4c5d2fadd82e4bd7f91bd22ce77cf3a2663cd485267b113bf8a87e8b7434c,2026-08-05T07:00:07Z,1dbc413ce1aa00d1549bda7a96491ea0691141c9b4e6713087953efddbea3bf7
forecast,"{""forecast_issue_datetime"": ""2026-08-04T03:00:00+03:00"", ""lead_hours"": ""72"", ""station_id"": ""03013570-89c3-468d-929e-389aa605e929""}",forecast_run_hash,7f261110d20703ea444f162545e24274321a2b80f0c920d3587ba4e4a45094d9,41a4c5d2fadd82e4bd7f91bd22ce77cf3a2663cd485267b113bf8a87e8b7434c,2026-08-05T07:00:07Z,1dbc413ce1aa00d1549bda7a96491ea0691141c9b4e6713087953efddbea3bf7
forecast,"{""forecast_issue_datetime"": ""2026-08-04T03:00:00+03:00"", ""lead_hours"": ""96"", ""station_id"": ""03013570-89c3-468d-929e-389aa605e929""}",forecast_run_hash,7f261110d20703ea444f162545e24274321a2b80f0c920d3587ba4e4a45094d9,41a4c5d2fadd82e4bd7f91bd22ce77cf3a2663cd485267b113bf8a87e8b7434c,2026-08-05T07:00:07Z,1dbc413ce1aa00d1549bda7a96491ea0691141c9b4e6713087953efddbea3bf7
forecast,"{""forecast_issue_datetime"": ""2026-08-04T03:00:00+03:00"", ""lead_hours"": ""120"", ""station_id"": ""03013570-89c3-468d-929e-389aa605e929""}",forecast_run_hash,7f261110d20703ea444f162545e24274321a2b80f0c920d3587ba4e4a45094d9,41a4c5d2fadd82e4bd7f91bd22ce77cf3a2663cd485267b113bf8a87e8b7434c,2026-08-05T07:00:07Z,1dbc413ce1aa00d1549bda7a96491ea0691141c9b4e6713087953efddbea3bf7
forecast,"{""forecast_issue_datetime"": ""2026-08-04T03:00:00+03:00"", ""lead_hours"": ""24"", ""station_id"": ""89bd48d0-b491-4706-986d-d67ffc282f4e""}",forecast_run_hash,68b0788b2698228ce9a09011f798659d3a3844bacd84f723c6c0702f5fc1e0d8,b9e58790b90f8aa1f3b95d570e429a3cb7ca8d39538710302a3e50cae3d359fd,2026-08-05T07:00:07Z,1dbc413ce1aa00d1549bda7a96491ea0691141c9b4e6713087953efddbea3bf7
forecast,"{""forecast_issue_datetime"": ""2026-08-04T03:00:00+03:00"", ""lead_hours"": ""48"", ""station_id"": ""89bd48d0-b491-4706-986d-d67ffc282f4e""}",forecast_run_hash,68b0788b2698228ce9a09011f798659d3a3844bacd84f723c6c0702f5fc1e0d8,b9e58790b90f8aa1f3b95d570e429a3cb7ca8d39538710302a3e50cae3d359fd,2026-08-05T07:00:07Z,1dbc413ce1aa00d1549bda7a96491ea0691141c9b4e6713087953efddbea3bf7
forecast,"{""forecast_issue_datetime"": ""2026-08-04T03:00:00+03:00"", ""lead_hours"": ""72"", ""station_id"": ""89bd48d0-b491-4706-986d-d67ffc282f4e""}",forecast_run_hash,68b0788b2698228ce9a09011f798659d3a3844bacd84f723c6c0702f5fc1e0d8,b9e58790b90f8aa1f3b95d570e429a3cb7ca8d39538710302a3e50cae3d359fd,2026-08-05T07:00:07Z,1dbc413ce1aa00d1549bda7a96491ea0691141c9b4e6713087953efddbea3bf7
forecast,"{""forecast_issue_datetime"": ""2026-08-04T03:00:00+03:00"", ""lead_hours"": ""96"", ""station_id"": ""89bd48d0-b491-4706-986d-d67ffc282f4e""}",forecast_run_hash,68b0788b2698228ce9a09011f798659d3a3844bacd84f723c6c0702f5fc1e0d8,b9e58790b90f8aa1f3b95d570e429a3cb7ca8d39538710302a3e50cae3d359fd,2026-08-05T07:00:07Z,1dbc413ce1aa00d1549bda7a96491ea0691141c9b4e6713087953efddbea3bf7
forecast,"{""forecast_issue_datetime"": ""2026-08-04T03:00:00+03:00"", ""lead_hours"": ""120"", ""station_id"": ""89bd48d0-b491-4706-986d-d67ffc282f4e""}",forecast_run_hash,68b0788b2698228ce9a09011f798659d3a3844bacd84f723c6c0702f5fc1e0d8,b9e58790b90f8aa1f3b95d570e429a3cb7ca8d39538710302a3e50cae3d359fd,2026-08-05T07:00:07Z,1dbc413ce1aa00d1549bda7a96491ea0691141c9b4e6713087953efddbea3bf7
forecast,"{""forecast_issue_datetime"": ""2026-08-04T03:00:00+03:00"", ""lead_hours"": ""24"", ""station_id"": ""a4976c0d-d21d-4bda-b6bc-c19c0edc6123""}",forecast_run_hash,97b3ae57d651a3af7d555af6a254639a0261772c4dec87013992840f9f40988c,d5c2d00647584ef78bc813f9a71467c6ea8286548e30a45b253f82397831543c,2026-08-05T07:00:07Z,1dbc413ce1aa00d1549bda7a96491ea0691141c9b4e6713087953efddbea3bf7
forecast,"{""forecast_issue_datetime"": ""2026-08-04T03:00:00+03:00"", ""lead_hours"": ""48"", ""station_id"": ""a4976c0d-d21d-4bda-b6bc-c19c0edc6123""}",forecast_run_hash,97b3ae57d651a3af7d555af6a254639a0261772c4dec87013992840f9f40988c,d5c2d00647584ef78bc813f9a71467c6ea8286548e30a45b253f82397831543c,2026-08-05T07:00:07Z,1dbc413ce1aa00d1549bda7a96491ea0691141c9b4e6713087953efddbea3bf7
forecast,"{""forecast_issue_datetime"": ""2026-08-04T03:00:00+03:00"", ""lead_hours"": ""72"", ""station_id"": ""a4976c0d-d21d-4bda-b6bc-c19c0edc6123""}",forecast_run_hash,97b3ae57d651a3af7d555af6a254639a0261772c4dec87013992840f9f40988c,d5c2d00647584ef78bc813f9a71467c6ea8286548e30a45b253f82397831543c,2026-08-05T07:00:07Z,1dbc413ce1aa00d1549bda7a96491ea0691141c9b4e6713087953efddbea3bf7
forecast,"{""forecast_issue_datetime"": ""2026-08-04T03:00:00+03:00"", ""lead_hours"": ""96"", ""station_id"": ""a4976c0d-d21d-4bda-b6bc-c19c0edc6123""}",forecast_run_hash,97b3ae57d651a3af7d555af6a254639a0261772c4dec87013992840f9f40988c,d5c2d00647584ef78bc813f9a71467c6ea8286548e30a45b253f82397831543c,2026-08-05T07:00:07Z,1dbc413ce1aa00d1549bda7a96491ea0691141c9b4e6713087953efddbea3bf7
forecast,"{""forecast_issue_datetime"": ""2026-08-04T03:00:00+03:00"", ""lead_hours"": ""120"", ""station_id"": ""a4976c0d-d21d-4bda-b6bc-c19c0edc6123""}",forecast_run_hash,97b3ae57d651a3af7d555af6a254639a0261772c4dec87013992840f9f40988c,d5c2d00647584ef78bc813f9a71467c6ea8286548e30a45b253f82397831543c,2026-08-05T07:00:07Z,1dbc413ce1aa00d1549bda7a96491ea0691141c9b4e6713087953efddbea3bf7
forecast,"{""forecast_issue_datetime"": ""2026-08-04T03:00:00+03:00"", ""lead_hours"": ""24"", ""station_id"": ""031cc7fd-3f5f-4d3f-8c42-01438e8dd69a""}",forecast_run_hash,88f68c3dd63659d33b9794f109f774ec4b44f5cc393ee550215cd727a92b1e94,dab257c8590334bff4d7b5f96fb218c7e2cac623f6f7eb7ce1381f33ec17c081,2026-08-05T07:00:07Z,1dbc413ce1aa00d1549bda7a96491ea0691141c9b4e6713087953efddbea3bf7
forecast,"{""forecast_issue_datetime"": ""2026-08-04T03:00:00+03:00"", ""lead_hours"": ""48"", ""station_id"": ""031cc7fd-3f5f-4d3f-8c42-01438e8dd69a""}",forecast_run_hash,88f68c3dd63659d33b9794f109f774ec4b44f5cc393ee550215cd727a92b1e94,dab257c8590334bff4d7b5f96fb218c7e2cac623f6f7eb7ce1381f33ec17c081,2026-08-05T07:00:07Z,1dbc413ce1aa00d1549bda7a96491ea0691141c9b4e6713087953efddbea3bf7
forecast,"{""forecast_issue_datetime"": ""2026-08-04T03:00:00+03:00"", ""lead_hours"": ""72"", ""station_id"": ""031cc7fd-3f5f-4d3f-8c42-01438e8dd69a""}",forecast_run_hash,88f68c3dd63659d33b9794f109f774ec4b44f5cc393ee550215cd727a92b1e94,dab257c8590334bff4d7b5f96fb218c7e2cac623f6f7eb7ce1381f33ec17c081,2026-08-05T07:00:07Z,1dbc413ce1aa00d1549bda7a96491ea0691141c9b4e6713087953efddbea3bf7
forecast,"{""forecast_issue_datetime"": ""2026-08-04T03:00:00+03:00"", ""lead_hours"": ""96"", ""station_id"": ""031cc7fd-3f5f-4d3f-8c42-01438e8dd69a""}",forecast_run_hash,88f68c3dd63659d33b9794f109f774ec4b44f5cc393ee550215cd727a92b1e94,dab257c8590334bff4d7b5f96fb218c7e2cac623f6f7eb7ce1381f33ec17c081,2026-08-05T07:00:07Z,1dbc413ce1aa00d1549bda7a96491ea0691141c9b4e6713087953efddbea3bf7
forecast,"{""forecast_issue_datetime"": ""2026-08-04T03:00:00+03:00"", ""lead_hours"": ""120"", ""station_id"": ""031cc7fd-3f5f-4d3f-8c42-01438e8dd69a""}",forecast_run_hash,88f68c3dd63659d33b9794f109f774ec4b44f5cc393ee550215cd727a92b1e94,dab257c8590334bff4d7b5f96fb218c7e2cac623f6f7eb7ce1381f33ec17c081,2026-08-05T07:00:07Z,1dbc413ce1aa00d1549bda7a96491ea0691141c9b4e6713087953efddbea3bf7
forecast,"{""forecast_issue_datetime"": ""2026-08-04T03:00:00+03:00"", ""lead_hours"": ""24"", ""station_id"": ""09b542d8-41d7-4746-8d84-e081f76a8c37""}",forecast_run_hash,6ebd1b73946d8aaff7f39af5ceea48f686d15d8272ac50f037f77839915cb0cb,06d0aebe30c7d01b03d603e4b6165df2b12c56ac95fde0d6addbbf6dbf6ca09a,2026-08-05T07:00:07Z,1dbc413ce1aa00d1549bda7a96491ea0691141c9b4e6713087953efddbea3bf7
forecast,"{""forecast_issue_datetime"": ""2026-08-04T03:00:00+03:00"", ""lead_hours"": ""48"", ""station_id"": ""09b542d8-41d7-4746-8d84-e081f76a8c37""}",forecast_run_hash,6ebd1b73946d8aaff7f39af5ceea48f686d15d8272ac50f037f77839915cb0cb,06d0aebe30c7d01b03d603e4b6165df2b12c56ac95fde0d6addbbf6dbf6ca09a,2026-08-05T07:00:07Z,1dbc413ce1aa00d1549bda7a96491ea0691141c9b4e6713087953efddbea3bf7
forecast,"{""forecast_issue_datetime"": ""2026-08-04T03:00:00+03:00"", ""lead_hours"": ""72"", ""station_id"": ""09b542d8-41d7-4746-8d84-e081f76a8c37""}",forecast_run_hash,6ebd1b73946d8aaff7f39af5ceea48f686d15d8272ac50f037f77839915cb0cb,06d0aebe30c7d01b03d603e4b6165df2b12c56ac95fde0d6addbbf6dbf6ca09a,2026-08-05T07:00:07Z,1dbc413ce1aa00d1549bda7a96491ea0691141c9b4e6713087953efddbea3bf7
forecast,"{""forecast_issue_datetime"": ""2026-08-04T03:00:00+03:00"", ""lead_hours"": ""96"", ""station_id"": ""09b542d8-41d7-4746-8d84-e081f76a8c37""}",forecast_run_hash,6ebd1b73946d8aaff7f39af5ceea48f686d15d8272ac50f037f77839915cb0cb,06d0aebe30c7d01b03d603e4b6165df2b12c56ac95fde0d6addbbf6dbf6ca09a,2026-08-05T07:00:07Z,1dbc413ce1aa00d1549bda7a96491ea0691141c9b4e6713087953efddbea3bf7
forecast,"{""forecast_issue_datetime"": ""2026-08-04T03:00:00+03:00"", ""lead_hours"": ""120"", ""station_id"": ""09b542d8-41d7-4746-8d84-e081f76a8c37""}",forecast_run_hash,6ebd1b73946d8aaff7f39af5ceea48f686d15d8272ac50f037f77839915cb0cb,06d0aebe30c7d01b03d603e4b6165df2b12c56ac95fde0d6addbbf6dbf6ca09a,2026-08-05T07:00:07Z,1dbc413ce1aa00d1549bda7a96491ea0691141c9b4e6713087953efddbea3bf7
forecast,"{""forecast_issue_datetime"": ""2026-08-04T03:00:00+03:00"", ""lead_hours"": ""24"", ""station_id"": ""3d63f295-2216-491e-86ba-a0e19b6b5fa3""}",forecast_run_hash,1e2f2ee2739f2ba93012ca347804a0ed6c9bebfb9af53297223e55f77233a0bc,f6db94a5ba6eef2fe5a4f93e3595a0671de3e776ed2ca00d7f53cefb836c7c1a,2026-08-05T07:00:07Z,1dbc413ce1aa00d1549bda7a96491ea0691141c9b4e6713087953efddbea3bf7
forecast,"{""forecast_issue_datetime"": ""2026-08-04T03:00:00+03:00"", ""lead_hours"": ""48"", ""station_id"": ""3d63f295-2216-491e-86ba-a0e19b6b5fa3""}",forecast_run_hash,1e2f2ee2739f2ba93012ca347804a0ed6c9bebfb9af53297223e55f77233a0bc,f6db94a5ba6eef2fe5a4f93e3595a0671de3e776ed2ca00d7f53cefb836c7c1a,2026-08-05T07:00:07Z,1dbc413ce1aa00d1549bda7a96491ea0691141c9b4e6713087953efddbea3bf7
forecast,"{""forecast_issue_datetime"": ""2026-08-04T03:00:00+03:00"", ""lead_hours"": ""72"", ""station_id"": ""3d63f295-2216-491e-86ba-a0e19b6b5fa3""}",forecast_run_hash,1e2f2ee2739f2ba93012ca347804a0ed6c9bebfb9af53297223e55f77233a0bc,f6db94a5ba6eef2fe5a4f93e3595a0671de3e776ed2ca00d7f53cefb836c7c1a,2026-08-05T07:00:07Z,1dbc413ce1aa00d1549bda7a96491ea0691141c9b4e6713087953efddbea3bf7
forecast,"{""forecast_issue_datetime"": ""2026-08-04T03:00:00+03:00"", ""lead_hours"": ""96"", ""station_id"": ""3d63f295-2216-491e-86ba-a0e19b6b5fa3""}",forecast_run_hash,1e2f2ee2739f2ba93012ca347804a0ed6c9bebfb9af53297223e55f77233a0bc,f6db94a5ba6eef2fe5a4f93e3595a0671de3e776ed2ca00d7f53cefb836c7c1a,2026-08-05T07:00:07Z,1dbc413ce1aa00d1549bda7a96491ea0691141c9b4e6713087953efddbea3bf7
forecast,"{""forecast_issue_datetime"": ""2026-08-04T03:00:00+03:00"", ""lead_hours"": ""120"", ""station_id"": ""3d63f295-2216-491e-86ba-a0e19b6b5fa3""}",forecast_run_hash,1e2f2ee2739f2ba93012ca347804a0ed6c9bebfb9af53297223e55f77233a0bc,f6db94a5ba6eef2fe5a4f93e3595a0671de3e776ed2ca00d7f53cefb836c7c1a,2026-08-05T07:00:07Z,1dbc413ce1aa00d1549bda7a96491ea0691141c9b4e6713087953efddbea3bf7
forecast,"{""forecast_issue_datetime"": ""2026-08-04T03:00:00+03:00"", ""lead_hours"": ""24"", ""station_id"": ""bbf5e3ee-6ed6-4b87-afee-d78643847aea""}",forecast_run_hash,6f9dd2f464bd234abce9321738189a5796ef62e6284c63ff3bc9900b13420f4e,4e1d7b7c745b01fcb6c9b6f64b4401f9be5a70e8c25e24f963f3e284a5ff53f3,2026-08-05T07:00:07Z,1dbc413ce1aa00d1549bda7a96491ea0691141c9b4e6713087953efddbea3bf7
forecast,"{""forecast_issue_datetime"": ""2026-08-04T03:00:00+03:00"", ""lead_hours"": ""48"", ""station_id"": ""bbf5e3ee-6ed6-4b87-afee-d78643847aea""}",forecast_run_hash,6f9dd2f464bd234abce9321738189a5796ef62e6284c63ff3bc9900b13420f4e,4e1d7b7c745b01fcb6c9b6f64b4401f9be5a70e8c25e24f963f3e284a5ff53f3,2026-08-05T07:00:07Z,1dbc413ce1aa00d1549bda7a96491ea0691141c9b4e6713087953efddbea3bf7
forecast,"{""forecast_issue_datetime"": ""2026-08-04T03:00:00+03:00"", ""lead_hours"": ""72"", ""station_id"": ""bbf5e3ee-6ed6-4b87-afee-d78643847aea""}",forecast_run_hash,6f9dd2f464bd234abce9321738189a5796ef62e6284c63ff3bc9900b13420f4e,4e1d7b7c745b01fcb6c9b6f64b4401f9be5a70e8c25e24f963f3e284a5ff53f3,2026-08-05T07:00:07Z,1dbc413ce1aa00d1549bda7a96491ea0691141c9b4e6713087953efddbea3bf7
forecast,"{""forecast_issue_datetime"": ""2026-08-04T03:00:00+03:00"", ""lead_hours"": ""96"", ""station_id"": ""bbf5e3ee-6ed6-4b87-afee-d78643847aea""}",forecast_run_hash,6f9dd2f464bd234abce9321738189a5796ef62e6284c63ff3bc9900b13420f4e,4e1d7b7c745b01fcb6c9b6f64b4401f9be5a70e8c25e24f963f3e284a5ff53f3,2026-08-05T07:00:07Z,1dbc413ce1aa00d1549bda7a96491ea0691141c9b4e6713087953efddbea3bf7
forecast,"{""forecast_issue_datetime"": ""2026-08-04T03:00:00+03:00"", ""lead_hours"": ""120"", ""station_id"": ""bbf5e3ee-6ed6-4b87-afee-d78643847aea""}",forecast_run_hash,6f9dd2f464bd234abce9321738189a5796ef62e6284c63ff3bc9900b13420f4e,4e1d7b7c745b01fcb6c9b6f64b4401f9be5a70e8c25e24f963f3e284a5ff53f3,2026-08-05T07:00:07Z,1dbc413ce1aa00d1549bda7a96491ea0691141c9b4e6713087953efddbea3bf7
forecast,"{""forecast_issue_datetime"": ""2026-08-04T03:00:00+03:00"", ""lead_hours"": ""24"", ""station_id"": ""841d8091-d02e-4c06-8391-7f5aa233b244""}",forecast_run_hash,aa8d821f204130d2838579a8aea09a07842eb1abdef5e61a713fb74db1c0cdd6,160fb48629c8d8387052a74edf9af67f396ab046de664b6b2272de7b07c8de80,2026-08-05T07:00:07Z,1dbc413ce1aa00d1549bda7a96491ea0691141c9b4e6713087953efddbea3bf7
forecast,"{""forecast_issue_datetime"": ""2026-08-04T03:00:00+03:00"", ""lead_hours"": ""48"", ""station_id"": ""841d8091-d02e-4c06-8391-7f5aa233b244""}",forecast_run_hash,aa8d821f204130d2838579a8aea09a07842eb1abdef5e61a713fb74db1c0cdd6,160fb48629c8d8387052a74edf9af67f396ab046de664b6b2272de7b07c8de80,2026-08-05T07:00:07Z,1dbc413ce1aa00d1549bda7a96491ea0691141c9b4e6713087953efddbea3bf7
forecast,"{""forecast_issue_datetime"": ""2026-08-04T03:00:00+03:00"", ""lead_hours"": ""72"", ""station_id"": ""841d8091-d02e-4c06-8391-7f5aa233b244""}",forecast_run_hash,aa8d821f204130d2838579a8aea09a07842eb1abdef5e61a713fb74db1c0cdd6,160fb48629c8d8387052a74edf9af67f396ab046de664b6b2272de7b07c8de80,2026-08-05T07:00:07Z,1dbc413ce1aa00d1549bda7a96491ea0691141c9b4e6713087953efddbea3bf7
forecast,"{""forecast_issue_datetime"": ""2026-08-04T03:00:00+03:00"", ""lead_hours"": ""96"", ""station_id"": ""841d8091-d02e-4c06-8391-7f5aa233b244""}",forecast_run_hash,aa8d821f204130d2838579a8aea09a07842eb1abdef5e61a713fb74db1c0cdd6,160fb48629c8d8387052a74edf9af67f396ab046de664b6b2272de7b07c8de80,2026-08-05T07:00:07Z,1dbc413ce1aa00d1549bda7a96491ea0691141c9b4e6713087953efddbea3bf7
forecast,"{""forecast_issue_datetime"": ""2026-08-04T03:00:00+03:00"", ""lead_hours"": ""120"", ""station_id"": ""841d8091-d02e-4c06-8391-7f5aa233b244""}",forecast_run_hash,aa8d821f204130d2838579a8aea09a07842eb1abdef5e61a713fb74db1c0cdd6,160fb48629c8d8387052a74edf9af67f396ab046de664b6b2272de7b07c8de80,2026-08-05T07:00:07Z,1dbc413ce1aa00d1549bda7a96491ea0691141c9b4e6713087953efddbea3bf7
forecast,"{""forecast_issue_datetime"": ""2026-08-04T03:00:00+03:00"", ""lead_hours"": ""24"", ""station_id"": ""264afec2-a181-408b-979c-473e5eaf4940""}",forecast_run_hash,72256923b2bec4cc386be515288fefeb17e6d557bdbe520555ca551b65a7b218,d276f44069fad4b47c46689f11abbce50f0d580377bd30e1f325f1e0895e435c,2026-08-05T07:00:07Z,1dbc413ce1aa00d1549bda7a96491ea0691141c9b4e6713087953efddbea3bf7
forecast,"{""forecast_issue_datetime"": ""2026-08-04T03:00:00+03:00"", ""lead_hours"": ""48"", ""station_id"": ""264afec2-a181-408b-979c-473e5eaf4940""}",forecast_run_hash,72256923b2bec4cc386be515288fefeb17e6d557bdbe520555ca551b65a7b218,d276f44069fad4b47c46689f11abbce50f0d580377bd30e1f325f1e0895e435c,2026-08-05T07:00:07Z,1dbc413ce1aa00d1549bda7a96491ea0691141c9b4e6713087953efddbea3bf7
forecast,"{""forecast_issue_datetime"": ""2026-08-04T03:00:00+03:00"", ""lead_hours"": ""72"", ""station_id"": ""264afec2-a181-408b-979c-473e5eaf4940""}",forecast_run_hash,72256923b2bec4cc386be515288fefeb17e6d557bdbe520555ca551b65a7b218,d276f44069fad4b47c46689f11abbce50f0d580377bd30e1f325f1e0895e435c,2026-08-05T07:00:07Z,1dbc413ce1aa00d1549bda7a96491ea0691141c9b4e6713087953efddbea3bf7
forecast,"{""forecast_issue_datetime"": ""2026-08-04T03:00:00+03:00"", ""lead_hours"": ""96"", ""station_id"": ""264afec2-a181-408b-979c-473e5eaf4940""}",forecast_run_hash,72256923b2bec4cc386be515288fefeb17e6d557bdbe520555ca551b65a7b218,d276f44069fad4b47c46689f11abbce50f0d580377bd30e1f325f1e0895e435c,2026-08-05T07:00:07Z,1dbc413ce1aa00d1549bda7a96491ea0691141c9b4e6713087953efddbea3bf7
forecast,"{""forecast_issue_datetime"": ""2026-08-04T03:00:00+03:00"", ""lead_hours"": ""120"", ""station_id"": ""264afec2-a181-408b-979c-473e5eaf4940""}",forecast_run_hash,72256923b2bec4cc386be515288fefeb17e6d557bdbe520555ca551b65a7b218,d276f44069fad4b47c46689f11abbce50f0d580377bd30e1f325f1e0895e435c,2026-08-05T07:00:07Z,1dbc413ce1aa00d1549bda7a96491ea0691141c9b4e6713087953efddbea3bf7
forecast,"{""forecast_issue_datetime"": ""2026-08-04T03:00:00+03:00"", ""lead_hours"": ""24"", ""station_id"": ""1a87220f-e0ae-4cf3-b921-e1e5b73f5f75""}",forecast_run_hash,91185e78315635b47ceac5b52e2733b40a0cf7ca8903a27a3af8ef828ba56876,2a0a8dd4cbefa2f7283d85977ce5ace01aeafd64062a6cb0f76e0faa51020837,2026-08-05T07:00:07Z,1dbc413ce1aa00d1549bda7a96491ea0691141c9b4e6713087953efddbea3bf7
forecast,"{""forecast_issue_datetime"": ""2026-08-04T03:00:00+03:00"", ""lead_hours"": ""48"", ""station_id"": ""1a87220f-e0ae-4cf3-b921-e1e5b73f5f75""}",forecast_run_hash,91185e78315635b47ceac5b52e2733b40a0cf7ca8903a27a3af8ef828ba56876,2a0a8dd4cbefa2f7283d85977ce5ace01aeafd64062a6cb0f76e0faa51020837,2026-08-05T07:00:07Z,1dbc413ce1aa00d1549bda7a96491ea0691141c9b4e6713087953efddbea3bf7
forecast,"{""forecast_issue_datetime"": ""2026-08-04T03:00:00+03:00"", ""lead_hours"": ""72"", ""station_id"": ""1a87220f-e0ae-4cf3-b921-e1e5b73f5f75""}",forecast_run_hash,91185e78315635b47ceac5b52e2733b40a0cf7ca8903a27a3af8ef828ba56876,2a0a8dd4cbefa2f7283d85977ce5ace01aeafd64062a6cb0f76e0faa51020837,2026-08-05T07:00:07Z,1dbc413ce1aa00d1549bda7a96491ea0691141c9b4e6713087953efddbea3bf7
forecast,"{""forecast_issue_datetime"": ""2026-08-04T03:00:00+03:00"", ""lead_hours"": ""96"", ""station_id"": ""1a87220f-e0ae-4cf3-b921-e1e5b73f5f75""}",forecast_run_hash,91185e78315635b47ceac5b52e2733b40a0cf7ca8903a27a3af8ef828ba56876,2a0a8dd4cbefa2f7283d85977ce5ace01aeafd64062a6cb0f76e0faa51020837,2026-08-05T07:00:07Z,1dbc413ce1aa00d1549bda7a96491ea0691141c9b4e6713087953efddbea3bf7
forecast,"{""forecast_issue_datetime"": ""2026-08-04T03:00:00+03:00"", ""lead_hours"": ""120"", ""station_id"": ""1a87220f-e0ae-4cf3-b921-e1e5b73f5f75""}",forecast_run_hash,91185e78315635b47ceac5b52e2733b40a0cf7ca8903a27a3af8ef828ba56876,2a0a8dd4cbefa2f7283d85977ce5ace01aeafd64062a6cb0f76e0faa51020837,2026-08-05T07:00:07Z,1dbc413ce1aa00d1549bda7a96491ea0691141c9b4e6713087953efddbea3bf7
forecast,"{""forecast_issue_datetime"": ""2026-08-04T03:00:00+03:00"", ""lead_hours"": ""24"", ""station_id"": ""ec11d8f6-34c5-4d2d-afc2-4171b759c56a""}",forecast_run_hash,8b55b0c902f0381018f794139522d3f7e3675b500c1d878c1eea81212f91e379,b5889bcd562f48997581504c1edeabf781adcb07056deea1e1ef7e66c2ddf018,2026-08-05T07:00:07Z,1dbc413ce1aa00d1549bda7a96491ea0691141c9b4e6713087953efddbea3bf7
forecast,"{""forecast_issue_datetime"": ""2026-08-04T03:00:00+03:00"", ""lead_hours"": ""48"", ""station_id"": ""ec11d8f6-34c5-4d2d-afc2-4171b759c56a""}",forecast_run_hash,8b55b0c902f0381018f794139522d3f7e3675b500c1d878c1eea81212f91e379,b5889bcd562f48997581504c1edeabf781adcb07056deea1e1ef7e66c2ddf018,2026-08-05T07:00:07Z,1dbc413ce1aa00d1549bda7a96491ea0691141c9b4e6713087953efddbea3bf7
forecast,"{""forecast_issue_datetime"": ""2026-08-04T03:00:00+03:00"", ""lead_hours"": ""72"", ""station_id"": ""ec11d8f6-34c5-4d2d-afc2-4171b759c56a""}",forecast_run_hash,8b55b0c902f0381018f794139522d3f7e3675b500c1d878c1eea81212f91e379,b5889bcd562f48997581504c1edeabf781adcb07056deea1e1ef7e66c2ddf018,2026-08-05T07:00:07Z,1dbc413ce1aa00d1549bda7a96491ea0691141c9b4e6713087953efddbea3bf7
forecast,"{""forecast_issue_datetime"": ""2026-08-04T03:00:00+03:00"", ""lead_hours"": ""96"", ""station_id"": ""ec11d8f6-34c5-4d2d-afc2-4171b759c56a""}",forecast_run_hash,8b55b0c902f0381018f794139522d3f7e3675b500c1d878c1eea81212f91e379,b5889bcd562f48997581504c1edeabf781adcb07056deea1e1ef7e66c2ddf018,2026-08-05T07:00:07Z,1dbc413ce1aa00d1549bda7a96491ea0691141c9b4e6713087953efddbea3bf7
forecast,"{""forecast_issue_datetime"": ""2026-08-04T03:00:00+03:00"", ""lead_hours"": ""120"", ""station_id"": ""ec11d8f6-34c5-4d2d-afc2-4171b759c56a""}",forecast_run_hash,8b55b0c902f0381018f794139522d3f7e3675b500c1d878c1eea81212f91e379,b5889bcd562f48997581504c1edeabf781adcb07056deea1e1ef7e66c2ddf018,2026-08-05T07:00:07Z,1dbc413ce1aa00d1549bda7a96491ea0691141c9b4e6713087953efddbea3bf7
forecast,"{""forecast_issue_datetime"": ""2026-08-05T03:00:00+03:00"", ""lead_hours"": ""24"", ""station_id"": ""657e4b68-9e17-4102-a240-b2cf2f34ba27""}",forecast_run_hash,95e06a7476b68cfe102ea24866d017f2639bc818c2ba2b572d672a1ed1813f1b,bfcd82a0d6044a8dc294f035d0a23ed28b48f7b28eea74255458debe48923bac,2026-08-06T07:00:16Z,21eece8b380edcddfcc10343dedbd392c4496d32ea7a8449779160f87ca3c29c
forecast,"{""forecast_issue_datetime"": ""2026-08-05T03:00:00+03:00"", ""lead_hours"": ""48"", ""station_id"": ""657e4b68-9e17-4102-a240-b2cf2f34ba27""}",forecast_run_hash,95e06a7476b68cfe102ea24866d017f2639bc818c2ba2b572d672a1ed1813f1b,bfcd82a0d6044a8dc294f035d0a23ed28b48f7b28eea74255458debe48923bac,2026-08-06T07:00:16Z,21eece8b380edcddfcc10343dedbd392c4496d32ea7a8449779160f87ca3c29c
forecast,"{""forecast_issue_datetime"": ""2026-08-05T03:00:00+03:00"", ""lead_hours"": ""72"", ""station_id"": ""657e4b68-9e17-4102-a240-b2cf2f34ba27""}",forecast_run_hash,95e06a7476b68cfe102ea24866d017f2639bc818c2ba2b572d672a1ed1813f1b,bfcd82a0d6044a8dc294f035d0a23ed28b48f7b28eea74255458debe48923bac,2026-08-06T07:00:16Z,21eece8b380edcddfcc10343dedbd392c4496d32ea7a8449779160f87ca3c29c
forecast,"{""forecast_issue_datetime"": ""2026-08-05T03:00:00+03:00"", ""lead_hours"": ""96"", ""station_id"": ""657e4b68-9e17-4102-a240-b2cf2f34ba27""}",forecast_run_hash,95e06a7476b68cfe102ea24866d017f2639bc818c2ba2b572d672a1ed1813f1b,bfcd82a0d6044a8dc294f035d0a23ed28b48f7b28eea74255458debe48923bac,2026-08-06T07:00:16Z,21eece8b380edcddfcc10343dedbd392c4496d32ea7a8449779160f87ca3c29c
forecast,"{""forecast_issue_datetime"": ""2026-08-05T03:00:00+03:00"", ""lead_hours"": ""120"", ""station_id"": ""657e4b68-9e17-4102-a240-b2cf2f34ba27""}",forecast_run_hash,95e06a7476b68cfe102ea24866d017f2639bc818c2ba2b572d672a1ed1813f1b,bfcd82a0d6044a8dc294f035d0a23ed28b48f7b28eea74255458debe48923bac,2026-08-06T07:00:16Z,21eece8b380edcddfcc10343dedbd392c4496d32ea7a8449779160f87ca3c29c
forecast,"{""forecast_issue_datetime"": ""2026-08-05T03:00:00+03:00"", ""lead_hours"": ""24"", ""station_id"": ""733c61e2-3083-4766-9b49-9c51b6e6c7cc""}",forecast_run_hash,c816497b6a7c5e6fed8e3cc73b874f7af526adfe8c2d5cad05ea90e8c9a0241e,356d54a443056a87a07ef790a264b40d23f4b24b4598c3351de922f0fb6bacd0,2026-08-06T07:00:16Z,21eece8b380edcddfcc10343dedbd392c4496d32ea7a8449779160f87ca3c29c
forecast,"{""forecast_issue_datetime"": ""2026-08-05T03:00:00+03:00"", ""lead_hours"": ""48"", ""station_id"": ""733c61e2-3083-4766-9b49-9c51b6e6c7cc""}",forecast_run_hash,c816497b6a7c5e6fed8e3cc73b874f7af526adfe8c2d5cad05ea90e8c9a0241e,356d54a443056a87a07ef790a264b40d23f4b24b4598c3351de922f0fb6bacd0,2026-08-06T07:00:16Z,21eece8b380edcddfcc10343dedbd392c4496d32ea7a8449779160f87ca3c29c
forecast,"{""forecast_issue_datetime"": ""2026-08-05T03:00:00+03:00"", ""lead_hours"": ""72"", ""station_id"": ""733c61e2-3083-4766-9b49-9c51b6e6c7cc""}",forecast_run_hash,c816497b6a7c5e6fed8e3cc73b874f7af526adfe8c2d5cad05ea90e8c9a0241e,356d54a443056a87a07ef790a264b40d23f4b24b4598c3351de922f0fb6bacd0,2026-08-06T07:00:16Z,21eece8b380edcddfcc10343dedbd392c4496d32ea7a8449779160f87ca3c29c
forecast,"{""forecast_issue_datetime"": ""2026-08-05T03:00:00+03:00"", ""lead_hours"": ""96"", ""station_id"": ""733c61e2-3083-4766-9b49-9c51b6e6c7cc""}",forecast_run_hash,c816497b6a7c5e6fed8e3cc73b874f7af526adfe8c2d5cad05ea90e8c9a0241e,356d54a443056a87a07ef790a264b40d23f4b24b4598c3351de922f0fb6bacd0,2026-08-06T07:00:16Z,21eece8b380edcddfcc10343dedbd392c4496d32ea7a8449779160f87ca3c29c
forecast,"{""forecast_issue_datetime"": ""2026-08-05T03:00:00+03:00"", ""lead_hours"": ""120"", ""station_id"": ""733c61e2-3083-4766-9b49-9c51b6e6c7cc""}",forecast_run_hash,c816497b6a7c5e6fed8e3cc73b874f7af526adfe8c2d5cad05ea90e8c9a0241e,356d54a443056a87a07ef790a264b40d23f4b24b4598c3351de922f0fb6bacd0,2026-08-06T07:00:16Z,21eece8b380edcddfcc10343dedbd392c4496d32ea7a8449779160f87ca3c29c
forecast,"{""forecast_issue_datetime"": ""2026-08-05T03:00:00+03:00"", ""lead_hours"": ""24"", ""station_id"": ""c726848a-12e0-4961-be36-8a8d29ce9106""}",forecast_run_hash,2a712d8ac61a75d1f295ed49032bc158f1d0c291c8cef0cbb94369adb63b6c31,8e9a1deb964d6e8eff5c16611563675513453b9129ee7871b2b87902a4a9f1fe,2026-08-06T07:00:16Z,21eece8b380edcddfcc10343dedbd392c4496d32ea7a8449779160f87ca3c29c
forecast,"{""forecast_issue_datetime"": ""2026-08-05T03:00:00+03:00"", ""lead_hours"": ""48"", ""station_id"": ""c726848a-12e0-4961-be36-8a8d29ce9106""}",forecast_run_hash,2a712d8ac61a75d1f295ed49032bc158f1d0c291c8cef0cbb94369adb63b6c31,8e9a1deb964d6e8eff5c16611563675513453b9129ee7871b2b87902a4a9f1fe,2026-08-06T07:00:16Z,21eece8b380edcddfcc10343dedbd392c4496d32ea7a8449779160f87ca3c29c
forecast,"{""forecast_issue_datetime"": ""2026-08-05T03:00:00+03:00"", ""lead_hours"": ""72"", ""station_id"": ""c726848a-12e0-4961-be36-8a8d29ce9106""}",forecast_run_hash,2a712d8ac61a75d1f295ed49032bc158f1d0c291c8cef0cbb94369adb63b6c31,8e9a1deb964d6e8eff5c16611563675513453b9129ee7871b2b87902a4a9f1fe,2026-08-06T07:00:16Z,21eece8b380edcddfcc10343dedbd392c4496d32ea7a8449779160f87ca3c29c
forecast,"{""forecast_issue_datetime"": ""2026-08-05T03:00:00+03:00"", ""lead_hours"": ""96"", ""station_id"": ""c726848a-12e0-4961-be36-8a8d29ce9106""}",forecast_run_hash,2a712d8ac61a75d1f295ed49032bc158f1d0c291c8cef0cbb94369adb63b6c31,8e9a1deb964d6e8eff5c16611563675513453b9129ee7871b2b87902a4a9f1fe,2026-08-06T07:00:16Z,21eece8b380edcddfcc10343dedbd392c4496d32ea7a8449779160f87ca3c29c
forecast,"{""forecast_issue_datetime"": ""2026-08-05T03:00:00+03:00"", ""lead_hours"": ""120"", ""station_id"": ""c726848a-12e0-4961-be36-8a8d29ce9106""}",forecast_run_hash,2a712d8ac61a75d1f295ed49032bc158f1d0c291c8cef0cbb94369adb63b6c31,8e9a1deb964d6e8eff5c16611563675513453b9129ee7871b2b87902a4a9f1fe,2026-08-06T07:00:16Z,21eece8b380edcddfcc10343dedbd392c4496d32ea7a8449779160f87ca3c29c
forecast,"{""forecast_issue_datetime"": ""2026-08-05T03:00:00+03:00"", ""lead_hours"": ""24"", ""station_id"": ""cc4f13d6-eccf-48bf-a3b2-2ed3b60e1f63""}",forecast_run_hash,c668e622e2b538c0e61711e018f7bb1cdea65f3c176981f1b2d8d2ace0fc053e,601edf50abbb92d67c294e1ddf20b0580e1ccb396168af0985f49bd1dace1f33,2026-08-06T07:00:16Z,21eece8b380edcddfcc10343dedbd392c4496d32ea7a8449779160f87ca3c29c
forecast,"{""forecast_issue_datetime"": ""2026-08-05T03:00:00+03:00"", ""lead_hours"": ""48"", ""station_id"": ""cc4f13d6-eccf-48bf-a3b2-2ed3b60e1f63""}",forecast_run_hash,c668e622e2b538c0e61711e018f7bb1cdea65f3c176981f1b2d8d2ace0fc053e,601edf50abbb92d67c294e1ddf20b0580e1ccb396168af0985f49bd1dace1f33,2026-08-06T07:00:16Z,21eece8b380edcddfcc10343dedbd392c4496d32ea7a8449779160f87ca3c29c
forecast,"{""forecast_issue_datetime"": ""2026-08-05T03:00:00+03:00"", ""lead_hours"": ""72"", ""station_id"": ""cc4f13d6-eccf-48bf-a3b2-2ed3b60e1f63""}",forecast_run_hash,c668e622e2b538c0e61711e018f7bb1cdea65f3c176981f1b2d8d2ace0fc053e,601edf50abbb92d67c294e1ddf20b0580e1ccb396168af0985f49bd1dace1f33,2026-08-06T07:00:16Z,21eece8b380edcddfcc10343dedbd392c4496d32ea7a8449779160f87ca3c29c
forecast,"{""forecast_issue_datetime"": ""2026-08-05T03:00:00+03:00"", ""lead_hours"": ""96"", ""station_id"": ""cc4f13d6-eccf-48bf-a3b2-2ed3b60e1f63""}",forecast_run_hash,c668e622e2b538c0e61711e018f7bb1cdea65f3c176981f1b2d8d2ace0fc053e,601edf50abbb92d67c294e1ddf20b0580e1ccb396168af0985f49bd1dace1f33,2026-08-06T07:00:16Z,21eece8b380edcddfcc10343dedbd392c4496d32ea7a8449779160f87ca3c29c
forecast,"{""forecast_issue_datetime"": ""2026-08-05T03:00:00+03:00"", ""lead_hours"": ""120"", ""station_id"": ""cc4f13d6-eccf-48bf-a3b2-2ed3b60e1f63""}",forecast_run_hash,c668e622e2b538c0e61711e018f7bb1cdea65f3c176981f1b2d8d2ace0fc053e,601edf50abbb92d67c294e1ddf20b0580e1ccb396168af0985f49bd1dace1f33,2026-08-06T07:00:16Z,21eece8b380edcddfcc10343dedbd392c4496d32ea7a8449779160f87ca3c29c
forecast,"{""forecast_issue_datetime"": ""2026-08-05T03:00:00+03:00"", ""lead_hours"": ""24"", ""station_id"": ""434d580b-1bc9-4210-aea9-3d263e8251fe""}",forecast_run_hash,6810a3efd8058109e63a58ec1f8f09b3d21da053adbe3a21bc2471fc09eea236,c36185e6cff4af53ce1ee43667a33cc3cc18365de68c830957480e90f1e81b2e,2026-08-06T07:00:16Z,21eece8b380edcddfcc10343dedbd392c4496d32ea7a8449779160f87ca3c29c
forecast,"{""forecast_issue_datetime"": ""2026-08-05T03:00:00+03:00"", ""lead_hours"": ""48"", ""station_id"": ""434d580b-1bc9-4210-aea9-3d263e8251fe""}",forecast_run_hash,6810a3efd8058109e63a58ec1f8f09b3d21da053adbe3a21bc2471fc09eea236,c36185e6cff4af53ce1ee43667a33cc3cc18365de68c830957480e90f1e81b2e,2026-08-06T07:00:16Z,21eece8b380edcddfcc10343dedbd392c4496d32ea7a8449779160f87ca3c29c
forecast,"{""forecast_issue_datetime"": ""2026-08-05T03:00:00+03:00"", ""lead_hours"": ""72"", ""station_id"": ""434d580b-1bc9-4210-aea9-3d263e8251fe""}",forecast_run_hash,6810a3efd8058109e63a58ec1f8f09b3d21da053adbe3a21bc2471fc09eea236,c36185e6cff4af53ce1ee43667a33cc3cc18365de68c830957480e90f1e81b2e,2026-08-06T07:00:16Z,21eece8b380edcddfcc10343dedbd392c4496d32ea7a8449779160f87ca3c29c
forecast,"{""forecast_issue_datetime"": ""2026-08-05T03:00:00+03:00"", ""lead_hours"": ""96"", ""station_id"": ""434d580b-1bc9-4210-aea9-3d263e8251fe""}",forecast_run_hash,6810a3efd8058109e63a58ec1f8f09b3d21da053adbe3a21bc2471fc09eea236,c36185e6cff4af53ce1ee43667a33cc3cc18365de68c830957480e90f1e81b2e,2026-08-06T07:00:16Z,21eece8b380edcddfcc10343dedbd392c4496d32ea7a8449779160f87ca3c29c
forecast,"{""forecast_issue_datetime"": ""2026-08-05T03:00:00+03:00"", ""lead_hours"": ""120"", ""station_id"": ""434d580b-1bc9-4210-aea9-3d263e8251fe""}",forecast_run_hash,6810a3efd8058109e63a58ec1f8f09b3d21da053adbe3a21bc2471fc09eea236,c36185e6cff4af53ce1ee43667a33cc3cc18365de68c830957480e90f1e81b2e,2026-08-06T07:00:16Z,21eece8b380edcddfcc10343dedbd392c4496d32ea7a8449779160f87ca3c29c
forecast,"{""forecast_issue_datetime"": ""2026-08-05T03:00:00+03:00"", ""lead_hours"": ""24"", ""station_id"": ""267d20a8-8a85-4d85-97e1-8aee686e9535""}",forecast_run_hash,1bc7510a8102d7fc6772fe48ce8cc81df49271cf75e1426705f46102ee03e436,51b0649f3c22789e2a827a7a4e71cc85e3fb87aac83f8ba1d7b010572680fde9,2026-08-06T07:00:16Z,21eece8b380edcddfcc10343dedbd392c4496d32ea7a8449779160f87ca3c29c
forecast,"{""forecast_issue_datetime"": ""2026-08-05T03:00:00+03:00"", ""lead_hours"": ""48"", ""station_id"": ""267d20a8-8a85-4d85-97e1-8aee686e9535""}",forecast_run_hash,1bc7510a8102d7fc6772fe48ce8cc81df49271cf75e1426705f46102ee03e436,51b0649f3c22789e2a827a7a4e71cc85e3fb87aac83f8ba1d7b010572680fde9,2026-08-06T07:00:16Z,21eece8b380edcddfcc10343dedbd392c4496d32ea7a8449779160f87ca3c29c
forecast,"{""forecast_issue_datetime"": ""2026-08-05T03:00:00+03:00"", ""lead_hours"": ""72"", ""station_id"": ""267d20a8-8a85-4d85-97e1-8aee686e9535""}",forecast_run_hash,1bc7510a8102d7fc6772fe48ce8cc81df49271cf75e1426705f46102ee03e436,51b0649f3c22789e2a827a7a4e71cc85e3fb87aac83f8ba1d7b010572680fde9,2026-08-06T07:00:16Z,21eece8b380edcddfcc10343dedbd392c4496d32ea7a8449779160f87ca3c29c
forecast,"{""forecast_issue_datetime"": ""2026-08-05T03:00:00+03:00"", ""lead_hours"": ""96"", ""station_id"": ""267d20a8-8a85-4d85-97e1-8aee686e9535""}",forecast_run_hash,1bc7510a8102d7fc6772fe48ce8cc81df49271cf75e1426705f46102ee03e436,51b0649f3c22789e2a827a7a4e71cc85e3fb87aac83f8ba1d7b010572680fde9,2026-08-06T07:00:16Z,21eece8b380edcddfcc10343dedbd392c4496d32ea7a8449779160f87ca3c29c
forecast,"{""forecast_issue_datetime"": ""2026-08-05T03:00:00+03:00"", ""lead_hours"": ""120"", ""station_id"": ""267d20a8-8a85-4d85-97e1-8aee686e9535""}",forecast_run_hash,1bc7510a8102d7fc6772fe48ce8cc81df49271cf75e1426705f46102ee03e436,51b0649f3c22789e2a827a7a4e71cc85e3fb87aac83f8ba1d7b010572680fde9,2026-08-06T07:00:16Z,21eece8b380edcddfcc10343dedbd392c4496d32ea7a8449779160f87ca3c29c
forecast,"{""forecast_issue_datetime"": ""2026-08-05T03:00:00+03:00"", ""lead_hours"": ""24"", ""station_id"": ""29f3d156-04e1-46bc-b699-bbea096e212f""}",forecast_run_hash,842a1d809163135931e7848dd9187be3df5d2086ddf95e4415fbe0f1d34b5895,403272a5590817398a4c0db0e63fc9fdcac167af14ce0919373b978fa825fcbf,2026-08-06T07:00:16Z,21eece8b380edcddfcc10343dedbd392c4496d32ea7a8449779160f87ca3c29c
forecast,"{""forecast_issue_datetime"": ""2026-08-05T03:00:00+03:00"", ""lead_hours"": ""48"", ""station_id"": ""29f3d156-04e1-46bc-b699-bbea096e212f""}",forecast_run_hash,842a1d809163135931e7848dd9187be3df5d2086ddf95e4415fbe0f1d34b5895,403272a5590817398a4c0db0e63fc9fdcac167af14ce0919373b978fa825fcbf,2026-08-06T07:00:16Z,21eece8b380edcddfcc10343dedbd392c4496d32ea7a8449779160f87ca3c29c
forecast,"{""forecast_issue_datetime"": ""2026-08-05T03:00:00+03:00"", ""lead_hours"": ""72"", ""station_id"": ""29f3d156-04e1-46bc-b699-bbea096e212f""}",forecast_run_hash,842a1d809163135931e7848dd9187be3df5d2086ddf95e4415fbe0f1d34b5895,403272a5590817398a4c0db0e63fc9fdcac167af14ce0919373b978fa825fcbf,2026-08-06T07:00:16Z,21eece8b380edcddfcc10343dedbd392c4496d32ea7a8449779160f87ca3c29c
forecast,"{""forecast_issue_datetime"": ""2026-08-05T03:00:00+03:00"", ""lead_hours"": ""96"", ""station_id"": ""29f3d156-04e1-46bc-b699-bbea096e212f""}",forecast_run_hash,842a1d809163135931e7848dd9187be3df5d2086ddf95e4415fbe0f1d34b5895,403272a5590817398a4c0db0e63fc9fdcac167af14ce0919373b978fa825fcbf,2026-08-06T07:00:16Z,21eece8b380edcddfcc10343dedbd392c4496d32ea7a8449779160f87ca3c29c
forecast,"{""forecast_issue_datetime"": ""2026-08-05T03:00:00+03:00"", ""lead_hours"": ""120"", ""station_id"": ""29f3d156-04e1-46bc-b699-bbea096e212f""}",forecast_run_hash,842a1d809163135931e7848dd9187be3df5d2086ddf95e4415fbe0f1d34b5895,403272a5590817398a4c0db0e63fc9fdcac167af14ce0919373b978fa825fcbf,2026-08-06T07:00:16Z,21eece8b380edcddfcc10343dedbd392c4496d32ea7a8449779160f87ca3c29c
forecast,"{""forecast_issue_datetime"": ""2026-08-05T03:00:00+03:00"", ""lead_hours"": ""24"", ""station_id"": ""e5eea969-9ccd-4b3e-9aa5-439c8f0d1ff0""}",forecast_run_hash,dd6c9d282eac696ba5f2420a6febf1a1cf91468217617c5e2d8e9844c863437a,48a5bab119bb66d9e153018a602a91f5dcd5ce1d14977a8323ce5f6f132818da,2026-08-06T07:00:16Z,21eece8b380edcddfcc10343dedbd392c4496d32ea7a8449779160f87ca3c29c
forecast,"{""forecast_issue_datetime"": ""2026-08-05T03:00:00+03:00"", ""lead_hours"": ""48"", ""station_id"": ""e5eea969-9ccd-4b3e-9aa5-439c8f0d1ff0""}",forecast_run_hash,dd6c9d282eac696ba5f2420a6febf1a1cf91468217617c5e2d8e9844c863437a,48a5bab119bb66d9e153018a602a91f5dcd5ce1d14977a8323ce5f6f132818da,2026-08-06T07:00:16Z,21eece8b380edcddfcc10343dedbd392c4496d32ea7a8449779160f87ca3c29c
forecast,"{""forecast_issue_datetime"": ""2026-08-05T03:00:00+03:00"", ""lead_hours"": ""72"", ""station_id"": ""e5eea969-9ccd-4b3e-9aa5-439c8f0d1ff0""}",forecast_run_hash,dd6c9d282eac696ba5f2420a6febf1a1cf91468217617c5e2d8e9844c863437a,48a5bab119bb66d9e153018a602a91f5dcd5ce1d14977a8323ce5f6f132818da,2026-08-06T07:00:16Z,21eece8b380edcddfcc10343dedbd392c4496d32ea7a8449779160f87ca3c29c
forecast,"{""forecast_issue_datetime"": ""2026-08-05T03:00:00+03:00"", ""lead_hours"": ""96"", ""station_id"": ""e5eea969-9ccd-4b3e-9aa5-439c8f0d1ff0""}",forecast_run_hash,dd6c9d282eac696ba5f2420a6febf1a1cf91468217617c5e2d8e9844c863437a,48a5bab119bb66d9e153018a602a91f5dcd5ce1d14977a8323ce5f6f132818da,2026-08-06T07:00:16Z,21eece8b380edcddfcc10343dedbd392c4496d32ea7a8449779160f87ca3c29c
forecast,"{""forecast_issue_datetime"": ""2026-08-05T03:00:00+03:00"", ""lead_hours"": ""120"", ""station_id"": ""e5eea969-9ccd-4b3e-9aa5-439c8f0d1ff0""}",forecast_run_hash,dd6c9d282eac696ba5f2420a6febf1a1cf91468217617c5e2d8e9844c863437a,48a5bab119bb66d9e153018a602a91f5dcd5ce1d14977a8323ce5f6f132818da,2026-08-06T07:00:16Z,21eece8b380edcddfcc10343dedbd392c4496d32ea7a8449779160f87ca3c29c
forecast,"{""forecast_issue_datetime"": ""2026-08-05T03:00:00+03:00"", ""lead_hours"": ""24"", ""station_id"": ""e3a30b68-5b3e-42d0-b6e7-82411594d811""}",forecast_run_hash,bfd87c2efcec78fe7737f7bf14e424e767586a7545a3d63893ed7cc496df1c02,5588778485160c69c94e8f872a34c8853fcf63e013935982af9ff6966acb6176,2026-08-06T07:00:16Z,21eece8b380edcddfcc10343dedbd392c4496d32ea7a8449779160f87ca3c29c
forecast,"{""forecast_issue_datetime"": ""2026-08-05T03:00:00+03:00"", ""lead_hours"": ""48"", ""station_id"": ""e3a30b68-5b3e-42d0-b6e7-82411594d811""}",forecast_run_hash,bfd87c2efcec78fe7737f7bf14e424e767586a7545a3d63893ed7cc496df1c02,5588778485160c69c94e8f872a34c8853fcf63e013935982af9ff6966acb6176,2026-08-06T07:00:16Z,21eece8b380edcddfcc10343dedbd392c4496d32ea7a8449779160f87ca3c29c
forecast,"{""forecast_issue_datetime"": ""2026-08-05T03:00:00+03:00"", ""lead_hours"": ""72"", ""station_id"": ""e3a30b68-5b3e-42d0-b6e7-82411594d811""}",forecast_run_hash,bfd87c2efcec78fe7737f7bf14e424e767586a7545a3d63893ed7cc496df1c02,5588778485160c69c94e8f872a34c8853fcf63e013935982af9ff6966acb6176,2026-08-06T07:00:16Z,21eece8b380edcddfcc10343dedbd392c4496d32ea7a8449779160f87ca3c29c
forecast,"{""forecast_issue_datetime"": ""2026-08-05T03:00:00+03:00"", ""lead_hours"": ""96"", ""station_id"": ""e3a30b68-5b3e-42d0-b6e7-82411594d811""}",forecast_run_hash,bfd87c2efcec78fe7737f7bf14e424e767586a7545a3d63893ed7cc496df1c02,5588778485160c69c94e8f872a34c8853fcf63e013935982af9ff6966acb6176,2026-08-06T07:00:16Z,21eece8b380edcddfcc10343dedbd392c4496d32ea7a8449779160f87ca3c29c
forecast,"{""forecast_issue_datetime"": ""2026-08-05T03:00:00+03:00"", ""lead_hours"": ""120"", ""station_id"": ""e3a30b68-5b3e-42d0-b6e7-82411594d811""}",forecast_run_hash,bfd87c2efcec78fe7737f7bf14e424e767586a7545a3d63893ed7cc496df1c02,5588778485160c69c94e8f872a34c8853fcf63e013935982af9ff6966acb6176,2026-08-06T07:00:16Z,21eece8b380edcddfcc10343dedbd392c4496d32ea7a8449779160f87ca3c29c
forecast,"{""forecast_issue_datetime"": ""2026-08-05T03:00:00+03:00"", ""lead_hours"": ""24"", ""station_id"": ""fda97819-adbe-448c-bb6b-85e4aea435af""}",forecast_run_hash,4d9f12f84c476ff7b14d2098b935472abb2e01aa594b7abd34acf5fea2de674e,cc2f4e1eda91d881ca3c8dd7e59ff4055bd83170d0c18a3e2fcd7997b7fb0b1b,2026-08-06T07:00:16Z,21eece8b380edcddfcc10343dedbd392c4496d32ea7a8449779160f87ca3c29c
forecast,"{""forecast_issue_datetime"": ""2026-08-05T03:00:00+03:00"", ""lead_hours"": ""48"", ""station_id"": ""fda97819-adbe-448c-bb6b-85e4aea435af""}",forecast_run_hash,4d9f12f84c476ff7b14d2098b935472abb2e01aa594b7abd34acf5fea2de674e,cc2f4e1eda91d881ca3c8dd7e59ff4055bd83170d0c18a3e2fcd7997b7fb0b1b,2026-08-06T07:00:16Z,21eece8b380edcddfcc10343dedbd392c4496d32ea7a8449779160f87ca3c29c
forecast,"{""forecast_issue_datetime"": ""2026-08-05T03:00:00+03:00"", ""lead_hours"": ""72"", ""station_id"": ""fda97819-adbe-448c-bb6b-85e4aea435af""}",forecast_run_hash,4d9f12f84c476ff7b14d2098b935472abb2e01aa594b7abd34acf5fea2de674e,cc2f4e1eda91d881ca3c8dd7e59ff4055bd83170d0c18a3e2fcd7997b7fb0b1b,2026-08-06T07:00:16Z,21eece8b380edcddfcc10343dedbd392c4496d32ea7a8449779160f87ca3c29c
forecast,"{""forecast_issue_datetime"": ""2026-08-05T03:00:00+03:00"", ""lead_hours"": ""96"", ""station_id"": ""fda97819-adbe-448c-bb6b-85e4aea435af""}",forecast_run_hash,4d9f12f84c476ff7b14d2098b935472abb2e01aa594b7abd34acf5fea2de674e,cc2f4e1eda91d881ca3c8dd7e59ff4055bd83170d0c18a3e2fcd7997b7fb0b1b,2026-08-06T07:00:16Z,21eece8b380edcddfcc10343dedbd392c4496d32ea7a8449779160f87ca3c29c
forecast,"{""forecast_issue_datetime"": ""2026-08-05T03:00:00+03:00"", ""lead_hours"": ""120"", ""station_id"": ""fda97819-adbe-448c-bb6b-85e4aea435af""}",forecast_run_hash,4d9f12f84c476ff7b14d2098b935472abb2e01aa594b7abd34acf5fea2de674e,cc2f4e1eda91d881ca3c8dd7e59ff4055bd83170d0c18a3e2fcd7997b7fb0b1b,2026-08-06T07:00:16Z,21eece8b380edcddfcc10343dedbd392c4496d32ea7a8449779160f87ca3c29c
forecast,"{""forecast_issue_datetime"": ""2026-08-05T03:00:00+03:00"", ""lead_hours"": ""24"", ""station_id"": ""5f0aaecc-01c1-4828-be3a-405bf48702b8""}",forecast_run_hash,05d50d3c4a7e5d6e3cd364072e6cf2ae4eeb5bbe7736e37dc2fe41f23a86f332,9a34843c47bb97c80a9e12614b998340b2f05466424e0316234f62d1f8a93bf5,2026-08-06T07:00:16Z,21eece8b380edcddfcc10343dedbd392c4496d32ea7a8449779160f87ca3c29c
forecast,"{""forecast_issue_datetime"": ""2026-08-05T03:00:00+03:00"", ""lead_hours"": ""48"", ""station_id"": ""5f0aaecc-01c1-4828-be3a-405bf48702b8""}",forecast_run_hash,05d50d3c4a7e5d6e3cd364072e6cf2ae4eeb5bbe7736e37dc2fe41f23a86f332,9a34843c47bb97c80a9e12614b998340b2f05466424e0316234f62d1f8a93bf5,2026-08-06T07:00:16Z,21eece8b380edcddfcc10343dedbd392c4496d32ea7a8449779160f87ca3c29c
forecast,"{""forecast_issue_datetime"": ""2026-08-05T03:00:00+03:00"", ""lead_hours"": ""72"", ""station_id"": ""5f0aaecc-01c1-4828-be3a-405bf48702b8""}",forecast_run_hash,05d50d3c4a7e5d6e3cd364072e6cf2ae4eeb5bbe7736e37dc2fe41f23a86f332,9a34843c47bb97c80a9e12614b998340b2f05466424e0316234f62d1f8a93bf5,2026-08-06T07:00:16Z,21eece8b380edcddfcc10343dedbd392c4496d32ea7a8449779160f87ca3c29c
forecast,"{""forecast_issue_datetime"": ""2026-08-05T03:00:00+03:00"", ""lead_hours"": ""96"", ""station_id"": ""5f0aaecc-01c1-4828-be3a-405bf48702b8""}",forecast_run_hash,05d50d3c4a7e5d6e3cd364072e6cf2ae4eeb5bbe7736e37dc2fe41f23a86f332,9a34843c47bb97c80a9e12614b998340b2f05466424e0316234f62d1f8a93bf5,2026-08-06T07:00:16Z,21eece8b380edcddfcc10343dedbd392c4496d32ea7a8449779160f87ca3c29c
forecast,"{""forecast_issue_datetime"": ""2026-08-05T03:00:00+03:00"", ""lead_hours"": ""120"", ""station_id"": ""5f0aaecc-01c1-4828-be3a-405bf48702b8""}",forecast_run_hash,05d50d3c4a7e5d6e3cd364072e6cf2ae4eeb5bbe7736e37dc2fe41f23a86f332,9a34843c47bb97c80a9e12614b998340b2f05466424e0316234f62d1f8a93bf5,2026-08-06T07:00:16Z,21eece8b380edcddfcc10343dedbd392c4496d32ea7a8449779160f87ca3c29c
forecast,"{""forecast_issue_datetime"": ""2026-08-05T03:00:00+03:00"", ""lead_hours"": ""24"", ""station_id"": ""b5ab6a64-d495-4137-b6a3-4c98d96836c9""}",forecast_run_hash,7b5a553dc5f079e3f826efc2c98681f2ebcb650be24af09b512d42c37d1fad7a,6c6f0bb4aee05dc33366a1784fb3e89afe747ddd99e2e310ab8af698d9c6d18f,2026-08-06T07:00:16Z,21eece8b380edcddfcc10343dedbd392c4496d32ea7a8449779160f87ca3c29c
forecast,"{""forecast_issue_datetime"": ""2026-08-05T03:00:00+03:00"", ""lead_hours"": ""48"", ""station_id"": ""b5ab6a64-d495-4137-b6a3-4c98d96836c9""}",forecast_run_hash,7b5a553dc5f079e3f826efc2c98681f2ebcb650be24af09b512d42c37d1fad7a,6c6f0bb4aee05dc33366a1784fb3e89afe747ddd99e2e310ab8af698d9c6d18f,2026-08-06T07:00:16Z,21eece8b380edcddfcc10343dedbd392c4496d32ea7a8449779160f87ca3c29c
forecast,"{""forecast_issue_datetime"": ""2026-08-05T03:00:00+03:00"", ""lead_hours"": ""72"", ""station_id"": ""b5ab6a64-d495-4137-b6a3-4c98d96836c9""}",forecast_run_hash,7b5a553dc5f079e3f826efc2c98681f2ebcb650be24af09b512d42c37d1fad7a,6c6f0bb4aee05dc33366a1784fb3e89afe747ddd99e2e310ab8af698d9c6d18f,2026-08-06T07:00:16Z,21eece8b380edcddfcc10343dedbd392c4496d32ea7a8449779160f87ca3c29c
forecast,"{""forecast_issue_datetime"": ""2026-08-05T03:00:00+03:00"", ""lead_hours"": ""96"", ""station_id"": ""b5ab6a64-d495-4137-b6a3-4c98d96836c9""}",forecast_run_hash,7b5a553dc5f079e3f826efc2c98681f2ebcb650be24af09b512d42c37d1fad7a,6c6f0bb4aee05dc33366a1784fb3e89afe747ddd99e2e310ab8af698d9c6d18f,2026-08-06T07:00:16Z,21eece8b380edcddfcc10343dedbd392c4496d32ea7a8449779160f87ca3c29c
forecast,"{""forecast_issue_datetime"": ""2026-08-05T03:00:00+03:00"", ""lead_hours"": ""120"", ""station_id"": ""b5ab6a64-d495-4137-b6a3-4c98d96836c9""}",forecast_run_hash,7b5a553dc5f079e3f826efc2c98681f2ebcb650be24af09b512d42c37d1fad7a,6c6f0bb4aee05dc33366a1784fb3e89afe747ddd99e2e310ab8af698d9c6d18f,2026-08-06T07:00:16Z,21eece8b380edcddfcc10343dedbd392c4496d32ea7a8449779160f87ca3c29c
forecast,"{""forecast_issue_datetime"": ""2026-08-05T03:00:00+03:00"", ""lead_hours"": ""24"", ""station_id"": ""03013570-89c3-468d-929e-389aa605e929""}",forecast_run_hash,b1a299f0c3de619333d034b3145b8d7cd4ccca2ac4ed268a040a3131adc2fe51,704c318ca810b9ca3d987145984886ffc927f7b3037208803783c65bd1f9854e,2026-08-06T07:00:16Z,21eece8b380edcddfcc10343dedbd392c4496d32ea7a8449779160f87ca3c29c
forecast,"{""forecast_issue_datetime"": ""2026-08-05T03:00:00+03:00"", ""lead_hours"": ""48"", ""station_id"": ""03013570-89c3-468d-929e-389aa605e929""}",forecast_run_hash,b1a299f0c3de619333d034b3145b8d7cd4ccca2ac4ed268a040a3131adc2fe51,704c318ca810b9ca3d987145984886ffc927f7b3037208803783c65bd1f9854e,2026-08-06T07:00:16Z,21eece8b380edcddfcc10343dedbd392c4496d32ea7a8449779160f87ca3c29c
forecast,"{""forecast_issue_datetime"": ""2026-08-05T03:00:00+03:00"", ""lead_hours"": ""72"", ""station_id"": ""03013570-89c3-468d-929e-389aa605e929""}",forecast_run_hash,b1a299f0c3de619333d034b3145b8d7cd4ccca2ac4ed268a040a3131adc2fe51,704c318ca810b9ca3d987145984886ffc927f7b3037208803783c65bd1f9854e,2026-08-06T07:00:16Z,21eece8b380edcddfcc10343dedbd392c4496d32ea7a8449779160f87ca3c29c
forecast,"{""forecast_issue_datetime"": ""2026-08-05T03:00:00+03:00"", ""lead_hours"": ""96"", ""station_id"": ""03013570-89c3-468d-929e-389aa605e929""}",forecast_run_hash,b1a299f0c3de619333d034b3145b8d7cd4ccca2ac4ed268a040a3131adc2fe51,704c318ca810b9ca3d987145984886ffc927f7b3037208803783c65bd1f9854e,2026-08-06T07:00:16Z,21eece8b380edcddfcc10343dedbd392c4496d32ea7a8449779160f87ca3c29c
forecast,"{""forecast_issue_datetime"": ""2026-08-05T03:00:00+03:00"", ""lead_hours"": ""120"", ""station_id"": ""03013570-89c3-468d-929e-389aa605e929""}",forecast_run_hash,b1a299f0c3de619333d034b3145b8d7cd4ccca2ac4ed268a040a3131adc2fe51,704c318ca810b9ca3d987145984886ffc927f7b3037208803783c65bd1f9854e,2026-08-06T07:00:16Z,21eece8b380edcddfcc10343dedbd392c4496d32ea7a8449779160f87ca3c29c
forecast,"{""forecast_issue_datetime"": ""2026-08-05T03:00:00+03:00"", ""lead_hours"": ""24"", ""station_id"": ""89bd48d0-b491-4706-986d-d67ffc282f4e""}",forecast_run_hash,31a5a5c26b89c82dbc1a0d7af91d3e561b826c3518c8ef756bfba8c48067acde,e85b44644dbdda60cbc5739aa67242a4d7213e107afb41bad25887336525fd49,2026-08-06T07:00:16Z,21eece8b380edcddfcc10343dedbd392c4496d32ea7a8449779160f87ca3c29c
forecast,"{""forecast_issue_datetime"": ""2026-08-05T03:00:00+03:00"", ""lead_hours"": ""48"", ""station_id"": ""89bd48d0-b491-4706-986d-d67ffc282f4e""}",forecast_run_hash,31a5a5c26b89c82dbc1a0d7af91d3e561b826c3518c8ef756bfba8c48067acde,e85b44644dbdda60cbc5739aa67242a4d7213e107afb41bad25887336525fd49,2026-08-06T07:00:16Z,21eece8b380edcddfcc10343dedbd392c4496d32ea7a8449779160f87ca3c29c
forecast,"{""forecast_issue_datetime"": ""2026-08-05T03:00:00+03:00"", ""lead_hours"": ""72"", ""station_id"": ""89bd48d0-b491-4706-986d-d67ffc282f4e""}",forecast_run_hash,31a5a5c26b89c82dbc1a0d7af91d3e561b826c3518c8ef756bfba8c48067acde,e85b44644dbdda60cbc5739aa67242a4d7213e107afb41bad25887336525fd49,2026-08-06T07:00:16Z,21eece8b380edcddfcc10343dedbd392c4496d32ea7a8449779160f87ca3c29c
forecast,"{""forecast_issue_datetime"": ""2026-08-05T03:00:00+03:00"", ""lead_hours"": ""96"", ""station_id"": ""89bd48d0-b491-4706-986d-d67ffc282f4e""}",forecast_run_hash,31a5a5c26b89c82dbc1a0d7af91d3e561b826c3518c8ef756bfba8c48067acde,e85b44644dbdda60cbc5739aa67242a4d7213e107afb41bad25887336525fd49,2026-08-06T07:00:16Z,21eece8b380edcddfcc10343dedbd392c4496d32ea7a8449779160f87ca3c29c
forecast,"{""forecast_issue_datetime"": ""2026-08-05T03:00:00+03:00"", ""lead_hours"": ""120"", ""station_id"": ""89bd48d0-b491-4706-986d-d67ffc282f4e""}",forecast_run_hash,31a5a5c26b89c82dbc1a0d7af91d3e561b826c3518c8ef756bfba8c48067acde,e85b44644dbdda60cbc5739aa67242a4d7213e107afb41bad25887336525fd49,2026-08-06T07:00:16Z,21eece8b380edcddfcc10343dedbd392c4496d32ea7a8449779160f87ca3c29c
forecast,"{""forecast_issue_datetime"": ""2026-08-05T03:00:00+03:00"", ""lead_hours"": ""24"", ""station_id"": ""a4976c0d-d21d-4bda-b6bc-c19c0edc6123""}",forecast_run_hash,669d79d13baefd85bdfc54093f16420511d351ccc66c3f1c033b18ea5defff1c,79230154454d1c1541041b9515cbb3b4712e107c5dc81ceb489ba8d3196b6d13,2026-08-06T07:00:16Z,21eece8b380edcddfcc10343dedbd392c4496d32ea7a8449779160f87ca3c29c
forecast,"{""forecast_issue_datetime"": ""2026-08-05T03:00:00+03:00"", ""lead_hours"": ""48"", ""station_id"": ""a4976c0d-d21d-4bda-b6bc-c19c0edc6123""}",forecast_run_hash,669d79d13baefd85bdfc54093f16420511d351ccc66c3f1c033b18ea5defff1c,79230154454d1c1541041b9515cbb3b4712e107c5dc81ceb489ba8d3196b6d13,2026-08-06T07:00:16Z,21eece8b380edcddfcc10343dedbd392c4496d32ea7a8449779160f87ca3c29c
forecast,"{""forecast_issue_datetime"": ""2026-08-05T03:00:00+03:00"", ""lead_hours"": ""72"", ""station_id"": ""a4976c0d-d21d-4bda-b6bc-c19c0edc6123""}",forecast_run_hash,669d79d13baefd85bdfc54093f16420511d351ccc66c3f1c033b18ea5defff1c,79230154454d1c1541041b9515cbb3b4712e107c5dc81ceb489ba8d3196b6d13,2026-08-06T07:00:16Z,21eece8b380edcddfcc10343dedbd392c4496d32ea7a8449779160f87ca3c29c
forecast,"{""forecast_issue_datetime"": ""2026-08-05T03:00:00+03:00"", ""lead_hours"": ""96"", ""station_id"": ""a4976c0d-d21d-4bda-b6bc-c19c0edc6123""}",forecast_run_hash,669d79d13baefd85bdfc54093f16420511d351ccc66c3f1c033b18ea5defff1c,79230154454d1c1541041b9515cbb3b4712e107c5dc81ceb489ba8d3196b6d13,2026-08-06T07:00:16Z,21eece8b380edcddfcc10343dedbd392c4496d32ea7a8449779160f87ca3c29c
forecast,"{""forecast_issue_datetime"": ""2026-08-05T03:00:00+03:00"", ""lead_hours"": ""120"", ""station_id"": ""a4976c0d-d21d-4bda-b6bc-c19c0edc6123""}",forecast_run_hash,669d79d13baefd85bdfc54093f16420511d351ccc66c3f1c033b18ea5defff1c,79230154454d1c1541041b9515cbb3b4712e107c5dc81ceb489ba8d3196b6d13,2026-08-06T07:00:16Z,21eece8b380edcddfcc10343dedbd392c4496d32ea7a8449779160f87ca3c29c
forecast,"{""forecast_issue_datetime"": ""2026-08-05T03:00:00+03:00"", ""lead_hours"": ""24"", ""station_id"": ""031cc7fd-3f5f-4d3f-8c42-01438e8dd69a""}",forecast_run_hash,b3302b4aea4513ed3966c7488d7c19ff82bf19202a5c4c1966ac4a214b8ba182,f7c9876e8ff71c516c9e3ca9f5f6aa459c48d08ad6b4f915160e7ac50708ae3c,2026-08-06T07:00:16Z,21eece8b380edcddfcc10343dedbd392c4496d32ea7a8449779160f87ca3c29c
forecast,"{""forecast_issue_datetime"": ""2026-08-05T03:00:00+03:00"", ""lead_hours"": ""48"", ""station_id"": ""031cc7fd-3f5f-4d3f-8c42-01438e8dd69a""}",forecast_run_hash,b3302b4aea4513ed3966c7488d7c19ff82bf19202a5c4c1966ac4a214b8ba182,f7c9876e8ff71c516c9e3ca9f5f6aa459c48d08ad6b4f915160e7ac50708ae3c,2026-08-06T07:00:16Z,21eece8b380edcddfcc10343dedbd392c4496d32ea7a8449779160f87ca3c29c
forecast,"{""forecast_issue_datetime"": ""2026-08-05T03:00:00+03:00"", ""lead_hours"": ""72"", ""station_id"": ""031cc7fd-3f5f-4d3f-8c42-01438e8dd69a""}",forecast_run_hash,b3302b4aea4513ed3966c7488d7c19ff82bf19202a5c4c1966ac4a214b8ba182,f7c9876e8ff71c516c9e3ca9f5f6aa459c48d08ad6b4f915160e7ac50708ae3c,2026-08-06T07:00:16Z,21eece8b380edcddfcc10343dedbd392c4496d32ea7a8449779160f87ca3c29c
forecast,"{""forecast_issue_datetime"": ""2026-08-05T03:00:00+03:00"", ""lead_hours"": ""96"", ""station_id"": ""031cc7fd-3f5f-4d3f-8c42-01438e8dd69a""}",forecast_run_hash,b3302b4aea4513ed3966c7488d7c19ff82bf19202a5c4c1966ac4a214b8ba182,f7c9876e8ff71c516c9e3ca9f5f6aa459c48d08ad6b4f915160e7ac50708ae3c,2026-08-06T07:00:16Z,21eece8b380edcddfcc10343dedbd392c4496d32ea7a8449779160f87ca3c29c
forecast,"{""forecast_issue_datetime"": ""2026-08-05T03:00:00+03:00"", ""lead_hours"": ""120"", ""station_id"": ""031cc7fd-3f5f-4d3f-8c42-01438e8dd69a""}",forecast_run_hash,b3302b4aea4513ed3966c7488d7c19ff82bf19202a5c4c1966ac4a214b8ba182,f7c9876e8ff71c516c9e3ca9f5f6aa459c48d08ad6b4f915160e7ac50708ae3c,2026-08-06T07:00:16Z,21eece8b380edcddfcc10343dedbd392c4496d32ea7a8449779160f87ca3c29c
forecast,"{""forecast_issue_datetime"": ""2026-08-05T03:00:00+03:00"", ""lead_hours"": ""24"", ""station_id"": ""09b542d8-41d7-4746-8d84-e081f76a8c37""}",forecast_run_hash,3c7605d8a6653a7220973a5909ffd13e40bdf4f7b527e603c1d4747f1012ada5,2aecf9086c4eb9ba89602f05cdcd1fa61d86f7504aa870885bb7453d3325388e,2026-08-06T07:00:16Z,21eece8b380edcddfcc10343dedbd392c4496d32ea7a8449779160f87ca3c29c
forecast,"{""forecast_issue_datetime"": ""2026-08-05T03:00:00+03:00"", ""lead_hours"": ""48"", ""station_id"": ""09b542d8-41d7-4746-8d84-e081f76a8c37""}",forecast_run_hash,3c7605d8a6653a7220973a5909ffd13e40bdf4f7b527e603c1d4747f1012ada5,2aecf9086c4eb9ba89602f05cdcd1fa61d86f7504aa870885bb7453d3325388e,2026-08-06T07:00:16Z,21eece8b380edcddfcc10343dedbd392c4496d32ea7a8449779160f87ca3c29c
forecast,"{""forecast_issue_datetime"": ""2026-08-05T03:00:00+03:00"", ""lead_hours"": ""72"", ""station_id"": ""09b542d8-41d7-4746-8d84-e081f76a8c37""}",forecast_run_hash,3c7605d8a6653a7220973a5909ffd13e40bdf4f7b527e603c1d4747f1012ada5,2aecf9086c4eb9ba89602f05cdcd1fa61d86f7504aa870885bb7453d3325388e,2026-08-06T07:00:16Z,21eece8b380edcddfcc10343dedbd392c4496d32ea7a8449779160f87ca3c29c
forecast,"{""forecast_issue_datetime"": ""2026-08-05T03:00:00+03:00"", ""lead_hours"": ""96"", ""station_id"": ""09b542d8-41d7-4746-8d84-e081f76a8c37""}",forecast_run_hash,3c7605d8a6653a7220973a5909ffd13e40bdf4f7b527e603c1d4747f1012ada5,2aecf9086c4eb9ba89602f05cdcd1fa61d86f7504aa870885bb7453d3325388e,2026-08-06T07:00:16Z,21eece8b380edcddfcc10343dedbd392c4496d32ea7a8449779160f87ca3c29c
forecast,"{""forecast_issue_datetime"": ""2026-08-05T03:00:00+03:00"", ""lead_hours"": ""120"", ""station_id"": ""09b542d8-41d7-4746-8d84-e081f76a8c37""}",forecast_run_hash,3c7605d8a6653a7220973a5909ffd13e40bdf4f7b527e603c1d4747f1012ada5,2aecf9086c4eb9ba89602f05cdcd1fa61d86f7504aa870885bb7453d3325388e,2026-08-06T07:00:16Z,21eece8b380edcddfcc10343dedbd392c4496d32ea7a8449779160f87ca3c29c
forecast,"{""forecast_issue_datetime"": ""2026-08-05T03:00:00+03:00"", ""lead_hours"": ""24"", ""station_id"": ""3d63f295-2216-491e-86ba-a0e19b6b5fa3""}",forecast_run_hash,fba4e01cab753b827ba3656af5d42df78a4801d94d55b4762e2cebf41be998f1,c13aad6929b9ea4972f62a52f939a09076c1cc2efef712fdc6a8e0f30a323963,2026-08-06T07:00:16Z,21eece8b380edcddfcc10343dedbd392c4496d32ea7a8449779160f87ca3c29c
forecast,"{""forecast_issue_datetime"": ""2026-08-05T03:00:00+03:00"", ""lead_hours"": ""48"", ""station_id"": ""3d63f295-2216-491e-86ba-a0e19b6b5fa3""}",forecast_run_hash,fba4e01cab753b827ba3656af5d42df78a4801d94d55b4762e2cebf41be998f1,c13aad6929b9ea4972f62a52f939a09076c1cc2efef712fdc6a8e0f30a323963,2026-08-06T07:00:16Z,21eece8b380edcddfcc10343dedbd392c4496d32ea7a8449779160f87ca3c29c
forecast,"{""forecast_issue_datetime"": ""2026-08-05T03:00:00+03:00"", ""lead_hours"": ""72"", ""station_id"": ""3d63f295-2216-491e-86ba-a0e19b6b5fa3""}",forecast_run_hash,fba4e01cab753b827ba3656af5d42df78a4801d94d55b4762e2cebf41be998f1,c13aad6929b9ea4972f62a52f939a09076c1cc2efef712fdc6a8e0f30a323963,2026-08-06T07:00:16Z,21eece8b380edcddfcc10343dedbd392c4496d32ea7a8449779160f87ca3c29c
forecast,"{""forecast_issue_datetime"": ""2026-08-05T03:00:00+03:00"", ""lead_hours"": ""96"", ""station_id"": ""3d63f295-2216-491e-86ba-a0e19b6b5fa3""}",forecast_run_hash,fba4e01cab753b827ba3656af5d42df78a4801d94d55b4762e2cebf41be998f1,c13aad6929b9ea4972f62a52f939a09076c1cc2efef712fdc6a8e0f30a323963,2026-08-06T07:00:16Z,21eece8b380edcddfcc10343dedbd392c4496d32ea7a8449779160f87ca3c29c
forecast,"{""forecast_issue_datetime"": ""2026-08-05T03:00:00+03:00"", ""lead_hours"": ""120"", ""station_id"": ""3d63f295-2216-491e-86ba-a0e19b6b5fa3""}",forecast_run_hash,fba4e01cab753b827ba3656af5d42df78a4801d94d55b4762e2cebf41be998f1,c13aad6929b9ea4972f62a52f939a09076c1cc2efef712fdc6a8e0f30a323963,2026-08-06T07:00:16Z,21eece8b380edcddfcc10343dedbd392c4496d32ea7a8449779160f87ca3c29c
forecast,"{""forecast_issue_datetime"": ""2026-08-05T03:00:00+03:00"", ""lead_hours"": ""24"", ""station_id"": ""bbf5e3ee-6ed6-4b87-afee-d78643847aea""}",forecast_run_hash,33c31ee028532f6a5fdb6a11b37b56ce73835ac83f76eeea57ca6189380c17c9,13c3bb9ff96f1f47e036e2db205837d8bd9761cf841b8c2ab1dbf65447db5106,2026-08-06T07:00:16Z,21eece8b380edcddfcc10343dedbd392c4496d32ea7a8449779160f87ca3c29c
forecast,"{""forecast_issue_datetime"": ""2026-08-05T03:00:00+03:00"", ""lead_hours"": ""48"", ""station_id"": ""bbf5e3ee-6ed6-4b87-afee-d78643847aea""}",forecast_run_hash,33c31ee028532f6a5fdb6a11b37b56ce73835ac83f76eeea57ca6189380c17c9,13c3bb9ff96f1f47e036e2db205837d8bd9761cf841b8c2ab1dbf65447db5106,2026-08-06T07:00:16Z,21eece8b380edcddfcc10343dedbd392c4496d32ea7a8449779160f87ca3c29c
forecast,"{""forecast_issue_datetime"": ""2026-08-05T03:00:00+03:00"", ""lead_hours"": ""72"", ""station_id"": ""bbf5e3ee-6ed6-4b87-afee-d78643847aea""}",forecast_run_hash,33c31ee028532f6a5fdb6a11b37b56ce73835ac83f76eeea57ca6189380c17c9,13c3bb9ff96f1f47e036e2db205837d8bd9761cf841b8c2ab1dbf65447db5106,2026-08-06T07:00:16Z,21eece8b380edcddfcc10343dedbd392c4496d32ea7a8449779160f87ca3c29c
forecast,"{""forecast_issue_datetime"": ""2026-08-05T03:00:00+03:00"", ""lead_hours"": ""96"", ""station_id"": ""bbf5e3ee-6ed6-4b87-afee-d78643847aea""}",forecast_run_hash,33c31ee028532f6a5fdb6a11b37b56ce73835ac83f76eeea57ca6189380c17c9,13c3bb9ff96f1f47e036e2db205837d8bd9761cf841b8c2ab1dbf65447db5106,2026-08-06T07:00:16Z,21eece8b380edcddfcc10343dedbd392c4496d32ea7a8449779160f87ca3c29c
forecast,"{""forecast_issue_datetime"": ""2026-08-05T03:00:00+03:00"", ""lead_hours"": ""120"", ""station_id"": ""bbf5e3ee-6ed6-4b87-afee-d78643847aea""}",forecast_run_hash,33c31ee028532f6a5fdb6a11b37b56ce73835ac83f76eeea57ca6189380c17c9,13c3bb9ff96f1f47e036e2db205837d8bd9761cf841b8c2ab1dbf65447db5106,2026-08-06T07:00:16Z,21eece8b380edcddfcc10343dedbd392c4496d32ea7a8449779160f87ca3c29c
forecast,"{""forecast_issue_datetime"": ""2026-08-05T03:00:00+03:00"", ""lead_hours"": ""24"", ""station_id"": ""841d8091-d02e-4c06-8391-7f5aa233b244""}",forecast_run_hash,fe15511b3d891c890fc0c166c8af6fa66a52cb67a3d3e40f2e1bb527fc34f631,30b4c513135b4ae1b107e9f2fb7b22ad4f748e7dac272d4b8d2176e46fe6cdc3,2026-08-06T07:00:16Z,21eece8b380edcddfcc10343dedbd392c4496d32ea7a8449779160f87ca3c29c
forecast,"{""forecast_issue_datetime"": ""2026-08-05T03:00:00+03:00"", ""lead_hours"": ""48"", ""station_id"": ""841d8091-d02e-4c06-8391-7f5aa233b244""}",forecast_run_hash,fe15511b3d891c890fc0c166c8af6fa66a52cb67a3d3e40f2e1bb527fc34f631,30b4c513135b4ae1b107e9f2fb7b22ad4f748e7dac272d4b8d2176e46fe6cdc3,2026-08-06T07:00:16Z,21eece8b380edcddfcc10343dedbd392c4496d32ea7a8449779160f87ca3c29c
forecast,"{""forecast_issue_datetime"": ""2026-08-05T03:00:00+03:00"", ""lead_hours"": ""72"", ""station_id"": ""841d8091-d02e-4c06-8391-7f5aa233b244""}",forecast_run_hash,fe15511b3d891c890fc0c166c8af6fa66a52cb67a3d3e40f2e1bb527fc34f631,30b4c513135b4ae1b107e9f2fb7b22ad4f748e7dac272d4b8d2176e46fe6cdc3,2026-08-06T07:00:16Z,21eece8b380edcddfcc10343dedbd392c4496d32ea7a8449779160f87ca3c29c
forecast,"{""forecast_issue_datetime"": ""2026-08-05T03:00:00+03:00"", ""lead_hours"": ""96"", ""station_id"": ""841d8091-d02e-4c06-8391-7f5aa233b244""}",forecast_run_hash,fe15511b3d891c890fc0c166c8af6fa66a52cb67a3d3e40f2e1bb527fc34f631,30b4c513135b4ae1b107e9f2fb7b22ad4f748e7dac272d4b8d2176e46fe6cdc3,2026-08-06T07:00:16Z,21eece8b380edcddfcc10343dedbd392c4496d32ea7a8449779160f87ca3c29c
forecast,"{""forecast_issue_datetime"": ""2026-08-05T03:00:00+03:00"", ""lead_hours"": ""120"", ""station_id"": ""841d8091-d02e-4c06-8391-7f5aa233b244""}",forecast_run_hash,fe15511b3d891c890fc0c166c8af6fa66a52cb67a3d3e40f2e1bb527fc34f631,30b4c513135b4ae1b107e9f2fb7b22ad4f748e7dac272d4b8d2176e46fe6cdc3,2026-08-06T07:00:16Z,21eece8b380edcddfcc10343dedbd392c4496d32ea7a8449779160f87ca3c29c
forecast,"{""forecast_issue_datetime"": ""2026-08-05T03:00:00+03:00"", ""lead_hours"": ""24"", ""station_id"": ""264afec2-a181-408b-979c-473e5eaf4940""}",forecast_run_hash,b4c7f068e10199c859327897e6430fc8f02721fa68bf8bd7b31ecc05e658eaf6,1155ab7269b4015962d0ee6fef76dbbc3203b48701de23a0c5e0ea4e09ef9f9b,2026-08-06T07:00:16Z,21eece8b380edcddfcc10343dedbd392c4496d32ea7a8449779160f87ca3c29c
forecast,"{""forecast_issue_datetime"": ""2026-08-05T03:00:00+03:00"", ""lead_hours"": ""48"", ""station_id"": ""264afec2-a181-408b-979c-473e5eaf4940""}",forecast_run_hash,b4c7f068e10199c859327897e6430fc8f02721fa68bf8bd7b31ecc05e658eaf6,1155ab7269b4015962d0ee6fef76dbbc3203b48701de23a0c5e0ea4e09ef9f9b,2026-08-06T07:00:16Z,21eece8b380edcddfcc10343dedbd392c4496d32ea7a8449779160f87ca3c29c
forecast,"{""forecast_issue_datetime"": ""2026-08-05T03:00:00+03:00"", ""lead_hours"": ""72"", ""station_id"": ""264afec2-a181-408b-979c-473e5eaf4940""}",forecast_run_hash,b4c7f068e10199c859327897e6430fc8f02721fa68bf8bd7b31ecc05e658eaf6,1155ab7269b4015962d0ee6fef76dbbc3203b48701de23a0c5e0ea4e09ef9f9b,2026-08-06T07:00:16Z,21eece8b380edcddfcc10343dedbd392c4496d32ea7a8449779160f87ca3c29c
forecast,"{""forecast_issue_datetime"": ""2026-08-05T03:00:00+03:00"", ""lead_hours"": ""96"", ""station_id"": ""264afec2-a181-408b-979c-473e5eaf4940""}",forecast_run_hash,b4c7f068e10199c859327897e6430fc8f02721fa68bf8bd7b31ecc05e658eaf6,1155ab7269b4015962d0ee6fef76dbbc3203b48701de23a0c5e0ea4e09ef9f9b,2026-08-06T07:00:16Z,21eece8b380edcddfcc10343dedbd392c4496d32ea7a8449779160f87ca3c29c
forecast,"{""forecast_issue_datetime"": ""2026-08-05T03:00:00+03:00"", ""lead_hours"": ""120"", ""station_id"": ""264afec2-a181-408b-979c-473e5eaf4940""}",forecast_run_hash,b4c7f068e10199c859327897e6430fc8f02721fa68bf8bd7b31ecc05e658eaf6,1155ab7269b4015962d0ee6fef76dbbc3203b48701de23a0c5e0ea4e09ef9f9b,2026-08-06T07:00:16Z,21eece8b380edcddfcc10343dedbd392c4496d32ea7a8449779160f87ca3c29c
forecast,"{""forecast_issue_datetime"": ""2026-08-05T03:00:00+03:00"", ""lead_hours"": ""24"", ""station_id"": ""1a87220f-e0ae-4cf3-b921-e1e5b73f5f75""}",forecast_run_hash,7f4a3992132bc7ca74624b8a1acac369cd4238c0b90d0c5c0a7bac8ebca5c64b,02033b734560fca3c1b2eeb2c99c45813dcc1f93ae214ef3b06c62b1e739c388,2026-08-06T07:00:16Z,21eece8b380edcddfcc10343dedbd392c4496d32ea7a8449779160f87ca3c29c
forecast,"{""forecast_issue_datetime"": ""2026-08-05T03:00:00+03:00"", ""lead_hours"": ""48"", ""station_id"": ""1a87220f-e0ae-4cf3-b921-e1e5b73f5f75""}",forecast_run_hash,7f4a3992132bc7ca74624b8a1acac369cd4238c0b90d0c5c0a7bac8ebca5c64b,02033b734560fca3c1b2eeb2c99c45813dcc1f93ae214ef3b06c62b1e739c388,2026-08-06T07:00:16Z,21eece8b380edcddfcc10343dedbd392c4496d32ea7a8449779160f87ca3c29c
forecast,"{""forecast_issue_datetime"": ""2026-08-05T03:00:00+03:00"", ""lead_hours"": ""72"", ""station_id"": ""1a87220f-e0ae-4cf3-b921-e1e5b73f5f75""}",forecast_run_hash,7f4a3992132bc7ca74624b8a1acac369cd4238c0b90d0c5c0a7bac8ebca5c64b,02033b734560fca3c1b2eeb2c99c45813dcc1f93ae214ef3b06c62b1e739c388,2026-08-06T07:00:16Z,21eece8b380edcddfcc10343dedbd392c4496d32ea7a8449779160f87ca3c29c
forecast,"{""forecast_issue_datetime"": ""2026-08-05T03:00:00+03:00"", ""lead_hours"": ""96"", ""station_id"": ""1a87220f-e0ae-4cf3-b921-e1e5b73f5f75""}",forecast_run_hash,7f4a3992132bc7ca74624b8a1acac369cd4238c0b90d0c5c0a7bac8ebca5c64b,02033b734560fca3c1b2eeb2c99c45813dcc1f93ae214ef3b06c62b1e739c388,2026-08-06T07:00:16Z,21eece8b380edcddfcc10343dedbd392c4496d32ea7a8449779160f87ca3c29c
forecast,"{""forecast_issue_datetime"": ""2026-08-05T03:00:00+03:00"", ""lead_hours"": ""120"", ""station_id"": ""1a87220f-e0ae-4cf3-b921-e1e5b73f5f75""}",forecast_run_hash,7f4a3992132bc7ca74624b8a1acac369cd4238c0b90d0c5c0a7bac8ebca5c64b,02033b734560fca3c1b2eeb2c99c45813dcc1f93ae214ef3b06c62b1e739c388,2026-08-06T07:00:16Z,21eece8b380edcddfcc10343dedbd392c4496d32ea7a8449779160f87ca3c29c
forecast,"{""forecast_issue_datetime"": ""2026-08-05T03:00:00+03:00"", ""lead_hours"": ""24"", ""station_id"": ""ec11d8f6-34c5-4d2d-afc2-4171b759c56a""}",forecast_run_hash,07b9f28906b6ed86287bc2058f45d041eca025784ff78a83506de6955fe2adfc,e6649b5f328e7c66920f80d6d3f893b22a7427e1c6a6147a120f1cbaf25a27e1,2026-08-06T07:00:16Z,21eece8b380edcddfcc10343dedbd392c4496d32ea7a8449779160f87ca3c29c
forecast,"{""forecast_issue_datetime"": ""2026-08-05T03:00:00+03:00"", ""lead_hours"": ""48"", ""station_id"": ""ec11d8f6-34c5-4d2d-afc2-4171b759c56a""}",forecast_run_hash,07b9f28906b6ed86287bc2058f45d041eca025784ff78a83506de6955fe2adfc,e6649b5f328e7c66920f80d6d3f893b22a7427e1c6a6147a120f1cbaf25a27e1,2026-08-06T07:00:16Z,21eece8b380edcddfcc10343dedbd392c4496d32ea7a8449779160f87ca3c29c
forecast,"{""forecast_issue_datetime"": ""2026-08-05T03:00:00+03:00"", ""lead_hours"": ""72"", ""station_id"": ""ec11d8f6-34c5-4d2d-afc2-4171b759c56a""}",forecast_run_hash,07b9f28906b6ed86287bc2058f45d041eca025784ff78a83506de6955fe2adfc,e6649b5f328e7c66920f80d6d3f893b22a7427e1c6a6147a120f1cbaf25a27e1,2026-08-06T07:00:16Z,21eece8b380edcddfcc10343dedbd392c4496d32ea7a8449779160f87ca3c29c
forecast,"{""forecast_issue_datetime"": ""2026-08-05T03:00:00+03:00"", ""lead_hours"": ""96"", ""station_id"": ""ec11d8f6-34c5-4d2d-afc2-4171b759c56a""}",forecast_run_hash,07b9f28906b6ed86287bc2058f45d041eca025784ff78a83506de6955fe2adfc,e6649b5f328e7c66920f80d6d3f893b22a7427e1c6a6147a120f1cbaf25a27e1,2026-08-06T07:00:16Z,21eece8b380edcddfcc10343dedbd392c4496d32ea7a8449779160f87ca3c29c
forecast,"{""forecast_issue_datetime"": ""2026-08-05T03:00:00+03:00"", ""lead_hours"": ""120"", ""station_id"": ""ec11d8f6-34c5-4d2d-afc2-4171b759c56a""}",forecast_run_hash,07b9f28906b6ed86287bc2058f45d041eca025784ff78a83506de6955fe2adfc,e6649b5f328e7c66920f80d6d3f893b22a7427e1c6a6147a120f1cbaf25a27e1,2026-08-06T07:00:16Z,21eece8b380edcddfcc10343dedbd392c4496d32ea7a8449779160f87ca3c29c
