station_id,lead_hours,n_pairs,mean_signed_error_cm,mae_cm,rmse_cm,bias_cm,within_5cm_pct,within_10cm_pct,within_20cm_pct,first_date,last_date,maturity
03013570-89c3-468d-929e-389aa605e929,24,5,-0.4,0.8,0.8944271909999159,-0.4,100,100,100,2026-08-03,2026-08-08,Date insuficiente
03013570-89c3-468d-929e-389aa605e929,48,4,-0.25,1.25,1.5,-0.25,100,100,100,2026-08-04,2026-08-08,Date insuficiente
03013570-89c3-468d-929e-389aa605e929,72,3,0,0.6666666666666666666666666667,0.816496580927726,0,100,100,100,2026-08-05,2026-08-08,Date insuficiente
03013570-89c3-468d-929e-389aa605e929,96,2,-1,1,1,-1,100,100,100,2026-08-06,2026-08-08,Date insuficiente
03013570-89c3-468d-929e-389aa605e929,120,1,-1,1,1,-1,100,100,100,2026-08-07,2026-08-07,Date insuficiente
031cc7fd-3f5f-4d3f-8c42-01438e8dd69a,24,0,,,,,,,,,,Date insuficiente
031cc7fd-3f5f-4d3f-8c42-01438e8dd69a,48,0,,,,,,,,,,Date insuficiente
031cc7fd-3f5f-4d3f-8c42-01438e8dd69a,72,0,,,,,,,,,,Date insuficiente
031cc7fd-3f5f-4d3f-8c42-01438e8dd69a,96,0,,,,,,,,,,Date insuficiente
031cc7fd-3f5f-4d3f-8c42-01438e8dd69a,120,0,,,,,,,,,,Date insuficiente
09b542d8-41d7-4746-8d84-e081f76a8c37,24,5,18.8,18.8,18.973665961010276,18.8,0,0,60,2026-08-03,2026-08-08,Date insuficiente
09b542d8-41d7-4746-8d84-e081f76a8c37,48,4,20.25,20.25,20.291623887703025,20.25,0,0,50,2026-08-04,2026-08-08,Date insuficiente
09b542d8-41d7-4746-8d84-e081f76a8c37,72,3,20.33333333333333333333333333,20.33333333333333333333333333,20.33879708012907,20.33333333333333333333333333,0,0,66.66666666666666666666666667,2026-08-05,2026-08-08,Date insuficiente
09b542d8-41d7-4746-8d84-e081f76a8c37,96,2,21,21,21.02379604162864,21,0,0,50,2026-08-06,2026-08-08,Date insuficiente
09b542d8-41d7-4746-8d84-e081f76a8c37,120,1,20,20,20,20,0,0,100,2026-08-07,2026-08-07,Date insuficiente
1a87220f-e0ae-4cf3-b921-e1e5b73f5f75,24,0,,,,,,,,,,Date insuficiente
1a87220f-e0ae-4cf3-b921-e1e5b73f5f75,48,0,,,,,,,,,,Date insuficiente
1a87220f-e0ae-4cf3-b921-e1e5b73f5f75,72,0,,,,,,,,,,Date insuficiente
1a87220f-e0ae-4cf3-b921-e1e5b73f5f75,96,0,,,,,,,,,,Date insuficiente
1a87220f-e0ae-4cf3-b921-e1e5b73f5f75,120,0,,,,,,,,,,Date insuficiente
264afec2-a181-408b-979c-473e5eaf4940,24,0,,,,,,,,,,Date insuficiente
264afec2-a181-408b-979c-473e5eaf4940,48,0,,,,,,,,,,Date insuficiente
264afec2-a181-408b-979c-473e5eaf4940,72,0,,,,,,,,,,Date insuficiente
264afec2-a181-408b-979c-473e5eaf4940,96,0,,,,,,,,,,Date insuficiente
264afec2-a181-408b-979c-473e5eaf4940,120,0,,,,,,,,,,Date insuficiente
267d20a8-8a85-4d85-97e1-8aee686e9535,24,5,-2,2,2.756809750418044,-2,100,100,100,2026-08-03,2026-08-08,Date insuficiente
267d20a8-8a85-4d85-97e1-8aee686e9535,48,4,-3,3,3.6742346141747673,-3,75,100,100,2026-08-04,2026-08-08,Date insuficiente
267d20a8-8a85-4d85-97e1-8aee686e9535,72,3,-4.333333333333333333333333333,4.333333333333333333333333333,5.446711546122731,-4.333333333333333333333333333,66.66666666666666666666666667,100,100,2026-08-05,2026-08-08,Date insuficiente
267d20a8-8a85-4d85-97e1-8aee686e9535,96,2,-6,6,6.324555320336759,-6,50,100,100,2026-08-06,2026-08-08,Date insuficiente
267d20a8-8a85-4d85-97e1-8aee686e9535,120,1,-9,9,9,-9,0,100,100,2026-08-07,2026-08-07,Date insuficiente
29f3d156-04e1-46bc-b699-bbea096e212f,24,5,-1.4,1.4,1.61245154965971,-1.4,100,100,100,2026-08-03,2026-08-08,Date insuficiente
29f3d156-04e1-46bc-b699-bbea096e212f,48,4,-2,2,2.6457513110645907,-2,100,100,100,2026-08-04,2026-08-08,Date insuficiente
29f3d156-04e1-46bc-b699-bbea096e212f,72,3,-2.333333333333333333333333333,2.333333333333333333333333333,2.886751345948129,-2.333333333333333333333333333,100,100,100,2026-08-05,2026-08-08,Date insuficiente
29f3d156-04e1-46bc-b699-bbea096e212f,96,2,-5,5,5.0990195135927845,-5,50,100,100,2026-08-06,2026-08-08,Date insuficiente
29f3d156-04e1-46bc-b699-bbea096e212f,120,1,-7,7,7,-7,0,100,100,2026-08-07,2026-08-07,Date insuficiente
3d63f295-2216-491e-86ba-a0e19b6b5fa3,24,0,,,,,,,,,,Date insuficiente
3d63f295-2216-491e-86ba-a0e19b6b5fa3,48,0,,,,,,,,,,Date insuficiente
3d63f295-2216-491e-86ba-a0e19b6b5fa3,72,0,,,,,,,,,,Date insuficiente
3d63f295-2216-491e-86ba-a0e19b6b5fa3,96,0,,,,,,,,,,Date insuficiente
3d63f295-2216-491e-86ba-a0e19b6b5fa3,120,0,,,,,,,,,,Date insuficiente
434d580b-1bc9-4210-aea9-3d263e8251fe,24,5,0.6,0.6,1,0.6,100,100,100,2026-08-03,2026-08-08,Date insuficiente
434d580b-1bc9-4210-aea9-3d263e8251fe,48,4,1.25,1.25,1.5,1.25,100,100,100,2026-08-04,2026-08-08,Date insuficiente
434d580b-1bc9-4210-aea9-3d263e8251fe,72,3,2,2,2.581988897471611,2,100,100,100,2026-08-05,2026-08-08,Date insuficiente
434d580b-1bc9-4210-aea9-3d263e8251fe,96,2,2.5,2.5,2.9154759474226504,2.5,100,100,100,2026-08-06,2026-08-08,Date insuficiente
434d580b-1bc9-4210-aea9-3d263e8251fe,120,1,1,1,1,1,100,100,100,2026-08-07,2026-08-07,Date insuficiente
5f0aaecc-01c1-4828-be3a-405bf48702b8,24,5,0,0.8,0.8944271909999159,0,100,100,100,2026-08-03,2026-08-08,Date insuficiente
5f0aaecc-01c1-4828-be3a-405bf48702b8,48,4,0.75,1.25,1.3228756555322954,0.75,100,100,100,2026-08-04,2026-08-08,Date insuficiente
5f0aaecc-01c1-4828-be3a-405bf48702b8,72,3,1.333333333333333333333333333,1.333333333333333333333333333,1.632993161855452,1.333333333333333333333333333,100,100,100,2026-08-05,2026-08-08,Date insuficiente
5f0aaecc-01c1-4828-be3a-405bf48702b8,96,2,1.5,1.5,1.5811388300841898,1.5,100,100,100,2026-08-06,2026-08-08,Date insuficiente
5f0aaecc-01c1-4828-be3a-405bf48702b8,120,1,1,1,1,1,100,100,100,2026-08-07,2026-08-07,Date insuficiente
657e4b68-9e17-4102-a240-b2cf2f34ba27,24,0,,,,,,,,,,Date insuficiente
657e4b68-9e17-4102-a240-b2cf2f34ba27,48,0,,,,,,,,,,Date insuficiente
657e4b68-9e17-4102-a240-b2cf2f34ba27,72,0,,,,,,,,,,Date insuficiente
657e4b68-9e17-4102-a240-b2cf2f34ba27,96,0,,,,,,,,,,Date insuficiente
657e4b68-9e17-4102-a240-b2cf2f34ba27,120,0,,,,,,,,,,Date insuficiente
733c61e2-3083-4766-9b49-9c51b6e6c7cc,24,5,-1.2,1.2,1.6733200530681511,-1.2,100,100,100,2026-08-03,2026-08-08,Date insuficiente
733c61e2-3083-4766-9b49-9c51b6e6c7cc,48,4,-2.5,2.5,3.24037034920393,-2.5,75,100,100,2026-08-04,2026-08-08,Date insuficiente
733c61e2-3083-4766-9b49-9c51b6e6c7cc,72,3,-3.333333333333333333333333333,3.333333333333333333333333333,3.9157800414902435,-3.333333333333333333333333333,66.66666666666666666666666667,100,100,2026-08-05,2026-08-08,Date insuficiente
733c61e2-3083-4766-9b49-9c51b6e6c7cc,96,2,-5,5,5.385164807134504,-5,50,100,100,2026-08-06,2026-08-08,Date insuficiente
733c61e2-3083-4766-9b49-9c51b6e6c7cc,120,1,-9,9,9,-9,0,100,100,2026-08-07,2026-08-07,Date insuficiente
841d8091-d02e-4c06-8391-7f5aa233b244,24,0,,,,,,,,,,Date insuficiente
841d8091-d02e-4c06-8391-7f5aa233b244,48,0,,,,,,,,,,Date insuficiente
841d8091-d02e-4c06-8391-7f5aa233b244,72,0,,,,,,,,,,Date insuficiente
841d8091-d02e-4c06-8391-7f5aa233b244,96,0,,,,,,,,,,Date insuficiente
841d8091-d02e-4c06-8391-7f5aa233b244,120,0,,,,,,,,,,Date insuficiente
89bd48d0-b491-4706-986d-d67ffc282f4e,24,0,,,,,,,,,,Date insuficiente
89bd48d0-b491-4706-986d-d67ffc282f4e,48,0,,,,,,,,,,Date insuficiente
89bd48d0-b491-4706-986d-d67ffc282f4e,72,0,,,,,,,,,,Date insuficiente
89bd48d0-b491-4706-986d-d67ffc282f4e,96,0,,,,,,,,,,Date insuficiente
89bd48d0-b491-4706-986d-d67ffc282f4e,120,0,,,,,,,,,,Date insuficiente
a4976c0d-d21d-4bda-b6bc-c19c0edc6123,24,5,0.2,0.6,1,0.2,100,100,100,2026-08-03,2026-08-08,Date insuficiente
a4976c0d-d21d-4bda-b6bc-c19c0edc6123,48,4,0,0.5,0.7071067811865476,0,100,100,100,2026-08-04,2026-08-08,Date insuficiente
a4976c0d-d21d-4bda-b6bc-c19c0edc6123,72,3,0,0.6666666666666666666666666667,0.816496580927726,0,100,100,100,2026-08-05,2026-08-08,Date insuficiente
a4976c0d-d21d-4bda-b6bc-c19c0edc6123,96,2,0,0,0,0,100,100,100,2026-08-06,2026-08-08,Date insuficiente
a4976c0d-d21d-4bda-b6bc-c19c0edc6123,120,1,-2,2,2,-2,100,100,100,2026-08-07,2026-08-07,Date insuficiente
b5ab6a64-d495-4137-b6a3-4c98d96836c9,24,5,-1,1,1.3416407864998738,-1,100,100,100,2026-08-03,2026-08-08,Date insuficiente
b5ab6a64-d495-4137-b6a3-4c98d96836c9,48,4,-1.75,1.75,2.29128784747792,-1.75,100,100,100,2026-08-04,2026-08-08,Date insuficiente
b5ab6a64-d495-4137-b6a3-4c98d96836c9,72,3,-2.666666666666666666666666667,2.666666666666666666666666667,3.366501646120693,-2.666666666666666666666666667,100,100,100,2026-08-05,2026-08-08,Date insuficiente
b5ab6a64-d495-4137-b6a3-4c98d96836c9,96,2,-4,4,4.123105625617661,-4,100,100,100,2026-08-06,2026-08-08,Date insuficiente
b5ab6a64-d495-4137-b6a3-4c98d96836c9,120,1,-6,6,6,-6,0,100,100,2026-08-07,2026-08-07,Date insuficiente
bbf5e3ee-6ed6-4b87-afee-d78643847aea,24,0,,,,,,,,,,Date insuficiente
bbf5e3ee-6ed6-4b87-afee-d78643847aea,48,0,,,,,,,,,,Date insuficiente
bbf5e3ee-6ed6-4b87-afee-d78643847aea,72,0,,,,,,,,,,Date insuficiente
bbf5e3ee-6ed6-4b87-afee-d78643847aea,96,0,,,,,,,,,,Date insuficiente
bbf5e3ee-6ed6-4b87-afee-d78643847aea,120,0,,,,,,,,,,Date insuficiente
c726848a-12e0-4961-be36-8a8d29ce9106,24,5,-1.4,1.4,1.7320508075688772,-1.4,100,100,100,2026-08-03,2026-08-08,Date insuficiente
c726848a-12e0-4961-be36-8a8d29ce9106,48,4,-3,3,3.872983346207417,-3,75,100,100,2026-08-04,2026-08-08,Date insuficiente
c726848a-12e0-4961-be36-8a8d29ce9106,72,3,-4.666666666666666666666666667,4.666666666666666666666666667,5.477225575051661,-4.666666666666666666666666667,66.66666666666666666666666667,100,100,2026-08-05,2026-08-08,Date insuficiente
c726848a-12e0-4961-be36-8a8d29ce9106,96,2,-7,7,7.280109889280518,-7,50,100,100,2026-08-06,2026-08-08,Date insuficiente
c726848a-12e0-4961-be36-8a8d29ce9106,120,1,-11,11,11,-11,0,0,100,2026-08-07,2026-08-07,Date insuficiente
cc4f13d6-eccf-48bf-a3b2-2ed3b60e1f63,24,4,-3,3,3.082207001484488,-3,100,100,100,2026-08-03,2026-08-07,Date insuficiente
cc4f13d6-eccf-48bf-a3b2-2ed3b60e1f63,48,3,-4.333333333333333333333333333,4.333333333333333333333333333,4.654746681256314,-4.333333333333333333333333333,66.66666666666666666666666667,100,100,2026-08-04,2026-08-08,Date insuficiente
cc4f13d6-eccf-48bf-a3b2-2ed3b60e1f63,72,3,-6,6,6.377042156569663,-6,33.33333333333333333333333333,100,100,2026-08-05,2026-08-08,Date insuficiente
cc4f13d6-eccf-48bf-a3b2-2ed3b60e1f63,96,2,-8.5,8.5,8.631338250816034,-8.5,0,100,100,2026-08-06,2026-08-08,Date insuficiente
cc4f13d6-eccf-48bf-a3b2-2ed3b60e1f63,120,1,-13,13,13,-13,0,0,100,2026-08-07,2026-08-07,Date insuficiente
e3a30b68-5b3e-42d0-b6e7-82411594d811,24,5,-0.4,0.4,0.6324555320336759,-0.4,100,100,100,2026-08-03,2026-08-08,Date insuficiente
e3a30b68-5b3e-42d0-b6e7-82411594d811,48,4,0.25,1.25,1.5,0.25,100,100,100,2026-08-04,2026-08-08,Date insuficiente
e3a30b68-5b3e-42d0-b6e7-82411594d811,72,3,0.3333333333333333333333333333,2.333333333333333333333333333,2.516611478423583,0.3333333333333333333333333333,100,100,100,2026-08-05,2026-08-08,Date insuficiente
e3a30b68-5b3e-42d0-b6e7-82411594d811,96,2,0,2,2,0,100,100,100,2026-08-06,2026-08-08,Date insuficiente
e3a30b68-5b3e-42d0-b6e7-82411594d811,120,1,-1,1,1,-1,100,100,100,2026-08-07,2026-08-07,Date insuficiente
e5eea969-9ccd-4b3e-9aa5-439c8f0d1ff0,24,5,0.2,1,1.3416407864998738,0.2,100,100,100,2026-08-03,2026-08-08,Date insuficiente
e5eea969-9ccd-4b3e-9aa5-439c8f0d1ff0,48,4,1.25,2.25,2.598076211353316,1.25,100,100,100,2026-08-04,2026-08-08,Date insuficiente
e5eea969-9ccd-4b3e-9aa5-439c8f0d1ff0,72,3,1.333333333333333333333333333,2.666666666666666666666666667,3.1622776601683795,1.333333333333333333333333333,100,100,100,2026-08-05,2026-08-08,Date insuficiente
e5eea969-9ccd-4b3e-9aa5-439c8f0d1ff0,96,2,0,2,2,0,100,100,100,2026-08-06,2026-08-08,Date insuficiente
e5eea969-9ccd-4b3e-9aa5-439c8f0d1ff0,120,1,0,0,0,0,100,100,100,2026-08-07,2026-08-07,Date insuficiente
ec11d8f6-34c5-4d2d-afc2-4171b759c56a,24,5,-0.2,1.4,1.61245154965971,-0.2,100,100,100,2026-08-03,2026-08-08,Date insuficiente
ec11d8f6-34c5-4d2d-afc2-4171b759c56a,48,4,-2.25,2.25,3.2015621187164243,-2.25,75,100,100,2026-08-04,2026-08-08,Date insuficiente
ec11d8f6-34c5-4d2d-afc2-4171b759c56a,72,3,-2.666666666666666666666666667,2.666666666666666666666666667,3.1622776601683795,-2.666666666666666666666666667,100,100,100,2026-08-05,2026-08-08,Date insuficiente
ec11d8f6-34c5-4d2d-afc2-4171b759c56a,96,2,-4.5,4.5,5.1478150704935,-4.5,50,100,100,2026-08-06,2026-08-08,Date insuficiente
ec11d8f6-34c5-4d2d-afc2-4171b759c56a,120,1,-8,8,8,-8,0,100,100,2026-08-07,2026-08-07,Date insuficiente
fda97819-adbe-448c-bb6b-85e4aea435af,24,5,-0.2,0.6,0.7745966692414834,-0.2,100,100,100,2026-08-03,2026-08-08,Date insuficiente
fda97819-adbe-448c-bb6b-85e4aea435af,48,4,0.25,1.25,1.5,0.25,100,100,100,2026-08-04,2026-08-08,Date insuficiente
fda97819-adbe-448c-bb6b-85e4aea435af,72,3,0,2,2.160246899469287,0,100,100,100,2026-08-05,2026-08-08,Date insuficiente
fda97819-adbe-448c-bb6b-85e4aea435af,96,2,-0.5,1.5,1.5811388300841898,-0.5,100,100,100,2026-08-06,2026-08-08,Date insuficiente
fda97819-adbe-448c-bb6b-85e4aea435af,120,1,-1,1,1,-1,100,100,100,2026-08-07,2026-08-07,Date insuficiente
