country_code,provider_id,source_station_id,source_station_uuid,station_name_original,station_name_ascii,river_name,river_km,latitude,longitude,gauge_zero_value,gauge_zero_unit,vertical_datum,level_unit,discharge_unit,temperature_unit,station_type,active,source_url,metadata_url,notes,possible_cross_border_match_id,match_confidence,match_reason,human_review_required
at,pegelonline_de,42015,f7b5c3d3-33f6-4ba4-a509-cf2b1a9d7297,THEBNERSTRASSL,THEBNERSTRASSL,Danube,1879.2,,,133.26,m ü. A.,Adriatic,cm,m3/s if Q timeseries exists,degC if WT timeseries exists,gauge,yes,https://www.pegelonline.wsv.de/webservices/rest-api/v2/stations.json?waters=DONAU,https://www.pegelonline.wsv.de/webservices/rest-api/v2/stations/f7b5c3d3-33f6-4ba4-a509-cf2b1a9d7297.json,agency=VIA DONAU; preserve source agency; republished when agency is not WSV,danube:thebnerstrassl,medium,same provider agency/name can be compared to DoRIS; requires metadata review,yes
at,pegelonline_de,42014,35846b8b-e589-4654-9eb5-a650048f8468,WILDUNGSMAUER,WILDUNGSMAUER,Danube,1894.7,,,139.48,m ü. A.,Adriatic,cm,m3/s if Q timeseries exists,degC if WT timeseries exists,gauge,yes,https://www.pegelonline.wsv.de/webservices/rest-api/v2/stations.json?waters=DONAU,https://www.pegelonline.wsv.de/webservices/rest-api/v2/stations/35846b8b-e589-4654-9eb5-a650048f8468.json,agency=VIA DONAU; preserve source agency; republished when agency is not WSV,danube:wildungsmauer,medium,same provider agency/name can be compared to DoRIS; requires metadata review,yes
at,pegelonline_de,42013,ff44be4a-f934-446c-afb0-a1cf7702c48c,KORNEUBURG,KORNEUBURG,Danube,1941.5,,,159.87,m ü. A.,Adriatic,cm,m3/s if Q timeseries exists,degC if WT timeseries exists,gauge,yes,https://www.pegelonline.wsv.de/webservices/rest-api/v2/stations.json?waters=DONAU,https://www.pegelonline.wsv.de/webservices/rest-api/v2/stations/ff44be4a-f934-446c-afb0-a1cf7702c48c.json,agency=VIA DONAU; preserve source agency; republished when agency is not WSV,danube:korneuburg,medium,same provider agency/name can be compared to DoRIS; requires metadata review,yes
at,pegelonline_de,42012,ce4e3050-2d16-459a-8101-61535132398c,DÜRNSTEIN,DURNSTEIN,Danube,2009.2,,,191.2,m ü. A.,Adriatic,cm,m3/s if Q timeseries exists,degC if WT timeseries exists,gauge,yes,https://www.pegelonline.wsv.de/webservices/rest-api/v2/stations.json?waters=DONAU,https://www.pegelonline.wsv.de/webservices/rest-api/v2/stations/ce4e3050-2d16-459a-8101-61535132398c.json,agency=VIA DONAU; preserve source agency; republished when agency is not WSV,danube:durnstein,medium,same provider agency/name can be compared to DoRIS; requires metadata review,yes
at,pegelonline_de,42011,56178f74-b3ef-4192-aad5-4f82d4a91a59,KIENSTOCK,KIENSTOCK,Danube,2015.2,,,194.0,m ü. A.,Adriatic,cm,m3/s if Q timeseries exists,degC if WT timeseries exists,gauge,yes,https://www.pegelonline.wsv.de/webservices/rest-api/v2/stations.json?waters=DONAU,https://www.pegelonline.wsv.de/webservices/rest-api/v2/stations/56178f74-b3ef-4192-aad5-4f82d4a91a59.json,agency=VIA DONAU; preserve source agency; republished when agency is not WSV,danube:kienstock,medium,same provider agency/name can be compared to DoRIS; requires metadata review,yes
at,pegelonline_de,420091,f3bf0b0b-eba1-4da2-a973-7efb261e208e,GREIN,GREIN,Danube,2079.1,,,219.43,m ü. A.,Adriatic,cm,m3/s if Q timeseries exists,degC if WT timeseries exists,gauge,yes,https://www.pegelonline.wsv.de/webservices/rest-api/v2/stations.json?waters=DONAU,https://www.pegelonline.wsv.de/webservices/rest-api/v2/stations/f3bf0b0b-eba1-4da2-a973-7efb261e208e.json,agency=VIA DONAU; preserve source agency; republished when agency is not WSV,danube:grein,medium,same provider agency/name can be compared to DoRIS; requires metadata review,yes
at,pegelonline_de,42009,6b002fef-8101-4d60-9cb5-83532719ff2c,MAUTHAUSEN,MAUTHAUSEN,Danube,2111.0,,,235.98,m ü. A.,Adriatic,cm,m3/s if Q timeseries exists,degC if WT timeseries exists,gauge,yes,https://www.pegelonline.wsv.de/webservices/rest-api/v2/stations.json?waters=DONAU,https://www.pegelonline.wsv.de/webservices/rest-api/v2/stations/6b002fef-8101-4d60-9cb5-83532719ff2c.json,agency=VIA DONAU; preserve source agency; republished when agency is not WSV,danube:mauthausen,medium,same provider agency/name can be compared to DoRIS; requires metadata review,yes
at,pegelonline_de,420061,aec23fd6-9146-46c8-9004-02952388f2e3,WILHERING,WILHERING,Danube,2144.1,,,249.12,m ü. A.,Adriatic,cm,m3/s if Q timeseries exists,degC if WT timeseries exists,gauge,yes,https://www.pegelonline.wsv.de/webservices/rest-api/v2/stations.json?waters=DONAU,https://www.pegelonline.wsv.de/webservices/rest-api/v2/stations/aec23fd6-9146-46c8-9004-02952388f2e3.json,agency=VIA DONAU; preserve source agency; republished when agency is not WSV,danube:wilhering,medium,same provider agency/name can be compared to DoRIS; requires metadata review,yes
de,pegelonline_de,10096001,99619dc5-9c88-45e9-a97d-653c41cda8a1,ERLAU,ERLAU,Danube,2214.5,48.567382,13.586813,282.648,m. ü. NHN,NHN,cm,m3/s if Q timeseries exists,degC if WT timeseries exists,gauge,yes,https://www.pegelonline.wsv.de/webservices/rest-api/v2/stations.json?waters=DONAU,https://www.pegelonline.wsv.de/webservices/rest-api/v2/stations/99619dc5-9c88-45e9-a97d-653c41cda8a1.json,agency=STANDORT REGENSBURG; preserve source agency; republished when agency is not WSV,danube:erlau,unknown,,yes
at,pegelonline_de,10094006,c389c9e2-a5d8-4104-a4cf-510ade44f143,ACHLEITEN,ACHLEITEN,Danube,2223.1,48.582047,13.503185,287.7,m. ü. NN,NHN,cm,m3/s if Q timeseries exists,degC if WT timeseries exists,gauge,yes,https://www.pegelonline.wsv.de/webservices/rest-api/v2/stations.json?waters=DONAU,https://www.pegelonline.wsv.de/webservices/rest-api/v2/stations/c389c9e2-a5d8-4104-a4cf-510ade44f143.json,agency=VIA DONAU; preserve source agency; republished when agency is not WSV,danube:achleiten,medium,same provider agency/name can be compared to DoRIS; requires metadata review,yes
de,pegelonline_de,10092000,33ceb441-23bc-4ca6-9fcd-ac35d41ef117,PASSAU ILZSTADT,PASSAU ILZSTADT,Danube,2225.2,48.575198,13.478017,286.212,m. ü. NHN,NHN,cm,m3/s if Q timeseries exists,degC if WT timeseries exists,gauge,yes,https://www.pegelonline.wsv.de/webservices/rest-api/v2/stations.json?waters=DONAU,https://www.pegelonline.wsv.de/webservices/rest-api/v2/stations/33ceb441-23bc-4ca6-9fcd-ac35d41ef117.json,agency=STANDORT REGENSBURG; preserve source agency; republished when agency is not WSV,danube:passau-ilzstadt,unknown,,yes
de,pegelonline_de,10091013,4520c1a8-174c-4b95-9ca3-fe1e3f9d874a,PASSAU LUITPOLDBRÜCKE DFH,PASSAU LUITPOLDBRUCKE DFH,Danube,2225.75,48.575835,13.472833,,,,cm,m3/s if Q timeseries exists,degC if WT timeseries exists,gauge,yes,https://www.pegelonline.wsv.de/webservices/rest-api/v2/stations.json?waters=DONAU,https://www.pegelonline.wsv.de/webservices/rest-api/v2/stations/4520c1a8-174c-4b95-9ca3-fe1e3f9d874a.json,agency=STANDORT REGENSBURG; preserve source agency; republished when agency is not WSV,danube:passau-luitpoldbrucke-dfh,unknown,,yes
de,pegelonline_de,10091008,9f12c405-35ac-4d90-9b7b-023be355867e,PASSAU DONAU,PASSAU DONAU,Danube,2226.7,48.576133,13.459076,286.439,m. ü. NHN,NHN,cm,m3/s if Q timeseries exists,degC if WT timeseries exists,gauge,yes,https://www.pegelonline.wsv.de/webservices/rest-api/v2/stations.json?waters=DONAU,https://www.pegelonline.wsv.de/webservices/rest-api/v2/stations/9f12c405-35ac-4d90-9b7b-023be355867e.json,agency=STANDORT REGENSBURG; preserve source agency; republished when agency is not WSV,danube:passau-donau,unknown,,yes
de,pegelonline_de,10090708,0fd56e0a-e32e-4b56-9cda-e0ce93d715c4,KACHLET SCHLEUSE UP,KACHLET SCHLEUSE UP,Danube,2230.3,48.578228,13.41269,289.978,m. ü. NHN,NHN,cm,m3/s if Q timeseries exists,degC if WT timeseries exists,gauge,yes,https://www.pegelonline.wsv.de/webservices/rest-api/v2/stations.json?waters=DONAU,https://www.pegelonline.wsv.de/webservices/rest-api/v2/stations/0fd56e0a-e32e-4b56-9cda-e0ce93d715c4.json,agency=STANDORT REGENSBURG; preserve source agency; republished when agency is not WSV,danube:kachlet-schleuse-up,unknown,,yes
de,pegelonline_de,10090710,3199ce09-cd9b-4be2-82bc-f03bb81438e5,PASSAU STEINBACHBRÜCKE DFH,PASSAU STEINBACHBRUCKE DFH,Danube,2230.31,48.57567,13.475462,,,,cm,m3/s if Q timeseries exists,degC if WT timeseries exists,gauge,yes,https://www.pegelonline.wsv.de/webservices/rest-api/v2/stations.json?waters=DONAU,https://www.pegelonline.wsv.de/webservices/rest-api/v2/stations/3199ce09-cd9b-4be2-82bc-f03bb81438e5.json,agency=STANDORT REGENSBURG; preserve source agency; republished when agency is not WSV,danube:passau-steinbachbrucke-dfh,unknown,,yes
de,pegelonline_de,10090408,560cf185-0052-4e40-832b-7792b52dd343,KACHLET WEHR UP,KACHLET WEHR UP,Danube,2230.724,,,289.978,m. ü. NHN,NHN,cm,m3/s if Q timeseries exists,degC if WT timeseries exists,gauge,yes,https://www.pegelonline.wsv.de/webservices/rest-api/v2/stations.json?waters=DONAU,https://www.pegelonline.wsv.de/webservices/rest-api/v2/stations/560cf185-0052-4e40-832b-7792b52dd343.json,agency=STANDORT REGENSBURG; preserve source agency; republished when agency is not WSV,danube:kachlet-wehr-up,unknown,,yes
de,pegelonline_de,10089006,e6d68ab7-5c27-4f25-896f-11dbf04056cd,VILSHOFEN,VILSHOFEN,Danube,2249.5,48.637297,13.182429,297.043,m. ü. NHN,NHN,cm,m3/s if Q timeseries exists,degC if WT timeseries exists,gauge,yes,https://www.pegelonline.wsv.de/webservices/rest-api/v2/stations.json?waters=DONAU,https://www.pegelonline.wsv.de/webservices/rest-api/v2/stations/e6d68ab7-5c27-4f25-896f-11dbf04056cd.json,agency=STANDORT REGENSBURG; preserve source agency; republished when agency is not WSV,danube:vilshofen,unknown,,yes
de,pegelonline_de,10088003,616dd98e-816d-4e17-b8cd-57b163dbc8a2,HOFKIRCHEN,HOFKIRCHEN,Danube,2256.9,48.676675,13.115154,299.575,m. ü. NHN,NHN,cm,m3/s if Q timeseries exists,degC if WT timeseries exists,gauge,yes,https://www.pegelonline.wsv.de/webservices/rest-api/v2/stations.json?waters=DONAU,https://www.pegelonline.wsv.de/webservices/rest-api/v2/stations/616dd98e-816d-4e17-b8cd-57b163dbc8a2.json,agency=STANDORT REGENSBURG; preserve source agency; republished when agency is not WSV,danube:hofkirchen,unknown,,yes
de,pegelonline_de,10081004,53d40547-8a09-4b25-988c-2e6d8d8d98ee,DEGGENDORF,DEGGENDORF,Danube,2284.4,48.824944,12.96235,306.972,m. ü. NHN,NHN,cm,m3/s if Q timeseries exists,degC if WT timeseries exists,gauge,yes,https://www.pegelonline.wsv.de/webservices/rest-api/v2/stations.json?waters=DONAU,https://www.pegelonline.wsv.de/webservices/rest-api/v2/stations/53d40547-8a09-4b25-988c-2e6d8d8d98ee.json,agency=STANDORT REGENSBURG; preserve source agency; republished when agency is not WSV,danube:deggendorf,unknown,,yes
de,pegelonline_de,10078000,7fe63a95-8ff6-4cff-9a29-a124136516b5,PFELLING,PFELLING,Danube,2305.5,48.879766,12.747217,308.123,m. ü. NHN,NHN,cm,m3/s if Q timeseries exists,degC if WT timeseries exists,gauge,yes,https://www.pegelonline.wsv.de/webservices/rest-api/v2/stations.json?waters=DONAU,https://www.pegelonline.wsv.de/webservices/rest-api/v2/stations/7fe63a95-8ff6-4cff-9a29-a124136516b5.json,agency=STANDORT REGENSBURG; preserve source agency; republished when agency is not WSV,danube:pfelling,unknown,,yes
de,pegelonline_de,10068006,f768173a-7a22-40f7-90a3-4676da7e5010,PFATTER,PFATTER,Danube,2350.7,48.980436,12.383772,316.984,m. ü. NHN,NHN,cm,m3/s if Q timeseries exists,degC if WT timeseries exists,gauge,yes,https://www.pegelonline.wsv.de/webservices/rest-api/v2/stations.json?waters=DONAU,https://www.pegelonline.wsv.de/webservices/rest-api/v2/stations/f768173a-7a22-40f7-90a3-4676da7e5010.json,agency=STANDORT REGENSBURG; preserve source agency; republished when agency is not WSV,danube:pfatter,unknown,,yes
de,pegelonline_de,10062000,7644f1d7-3198-4313-9340-abefd459a4f3,SCHWABELWEIS,SCHWABELWEIS,Danube,2376.5,49.023583,12.138693,324.448,m. ü. NHN,NHN,cm,m3/s if Q timeseries exists,degC if WT timeseries exists,gauge,yes,https://www.pegelonline.wsv.de/webservices/rest-api/v2/stations.json?waters=DONAU,https://www.pegelonline.wsv.de/webservices/rest-api/v2/stations/7644f1d7-3198-4313-9340-abefd459a4f3.json,agency=STANDORT REGENSBURG; preserve source agency; republished when agency is not WSV,danube:schwabelweis,unknown,,yes
de,pegelonline_de,10061007,eebd633a-3af0-4b79-83d5-b6490765e06c,REGENSBURG EISERNE BRÜCKE,REGENSBURG EISERNE BRUCKE,Danube,2379.3,49.021359,12.101827,325.456,m. ü. NHN,NHN,cm,m3/s if Q timeseries exists,degC if WT timeseries exists,gauge,yes,https://www.pegelonline.wsv.de/webservices/rest-api/v2/stations.json?waters=DONAU,https://www.pegelonline.wsv.de/webservices/rest-api/v2/stations/eebd633a-3af0-4b79-83d5-b6490765e06c.json,agency=STANDORT REGENSBURG; preserve source agency; republished when agency is not WSV,danube:regensburg-eiserne-brucke,unknown,,yes
de,pegelonline_de,10056302,e476bcad-b898-4f68-9c26-4f1a1159dff6,OBERNDORF,OBERNDORF,Danube,2397.4,48.946969,12.014893,331.11,m. ü. NHN,NHN,cm,m3/s if Q timeseries exists,degC if WT timeseries exists,gauge,yes,https://www.pegelonline.wsv.de/webservices/rest-api/v2/stations.json?waters=DONAU,https://www.pegelonline.wsv.de/webservices/rest-api/v2/stations/e476bcad-b898-4f68-9c26-4f1a1159dff6.json,agency=STANDORT REGENSBURG; preserve source agency; republished when agency is not WSV,danube:oberndorf,unknown,,yes
de,pegelonline_de,10054500,c9409937-b794-4b69-b36b-38467daab09a,KELHEIMWINZER,KELHEIMWINZER,Danube,2409.7,48.911858,11.93206,335.659,m. ü. NHN,NHN,cm,m3/s if Q timeseries exists,degC if WT timeseries exists,gauge,yes,https://www.pegelonline.wsv.de/webservices/rest-api/v2/stations.json?waters=DONAU,https://www.pegelonline.wsv.de/webservices/rest-api/v2/stations/c9409937-b794-4b69-b36b-38467daab09a.json,agency=STANDORT REGENSBURG; preserve source agency; republished when agency is not WSV,danube:kelheimwinzer,unknown,,yes
de,pegelonline_de,10053009,296fc6d4-3c59-45f6-9424-ff57d1180b30,KELHEIM DONAU,KELHEIM DONAU,Danube,2414.8,48.916603,11.864627,,,,cm,m3/s if Q timeseries exists,degC if WT timeseries exists,gauge,yes,https://www.pegelonline.wsv.de/webservices/rest-api/v2/stations.json?waters=DONAU,https://www.pegelonline.wsv.de/webservices/rest-api/v2/stations/296fc6d4-3c59-45f6-9424-ff57d1180b30.json,agency=WASSERWIRTSCHAFTSAMT LANDSHUT; preserve source agency; republished when agency is not WSV,danube:kelheim-donau,unknown,,yes
de,pegelonline_de,10046105,824a046b-9ca3-4db8-993d-e755122854e0,INGOLSTADT LUITPOLDSTRASSE,INGOLSTADT LUITPOLDSTRASSE,Danube,2458.3,48.757414,11.426054,360.35,m. ü. NN,NHN,cm,m3/s if Q timeseries exists,degC if WT timeseries exists,gauge,yes,https://www.pegelonline.wsv.de/webservices/rest-api/v2/stations.json?waters=DONAU,https://www.pegelonline.wsv.de/webservices/rest-api/v2/stations/824a046b-9ca3-4db8-993d-e755122854e0.json,agency=WASSERWIRTSCHAFTSAMT INGOLSTADT; preserve source agency; republished when agency is not WSV,danube:ingolstadt-luitpoldstrasse,unknown,,yes
at,viadonau_at,ATFRB00001G000122231,,Achleiten,Achleiten,Danube,2223.05,48.5819,13.5032,288.04,m,Adriatic Sea,cm,m3/s for characteristic discharge fields,,gauge,yes,https://opendata2.doris-info.at/doris/api/1.0/gauge/list,https://opendata2.doris-info.at/v3/api-docs/Opendata,Schwedenbrücke is Donaukanal; hasForecast=False,danube:achleiten,medium,same normalized name may occur in PEGELONLINE viadonau rows; not auto-deduplicated,yes
at,viadonau_at,ATWHE00001G000221440,,Wilhering,Wilhering,Danube,2144.05,48.3298,14.1813,249.12,m,Adriatic Sea,cm,m3/s for characteristic discharge fields,,gauge,yes,https://opendata2.doris-info.at/doris/api/1.0/gauge/list,https://opendata2.doris-info.at/v3/api-docs/Opendata,Schwedenbrücke is Donaukanal; hasForecast=False,danube:wilhering,medium,same normalized name may occur in PEGELONLINE viadonau rows; not auto-deduplicated,yes
at,viadonau_at,ATMAU00001G000321109,,Mauthausen,Mauthausen,Danube,2110.98,48.2391,14.5325,235.98,m,Adriatic Sea,cm,m3/s for characteristic discharge fields,,gauge,yes,https://opendata2.doris-info.at/doris/api/1.0/gauge/list,https://opendata2.doris-info.at/v3/api-docs/Opendata,Schwedenbrücke is Donaukanal; hasForecast=False,danube:mauthausen,medium,same normalized name may occur in PEGELONLINE viadonau rows; not auto-deduplicated,yes
at,viadonau_at,ATGRN00001G000820791,,Grein,Grein,Danube,2079.1,48.2272,14.8567,219.43,m,Adriatic Sea,cm,m3/s for characteristic discharge fields,,gauge,yes,https://opendata2.doris-info.at/doris/api/1.0/gauge/list,https://opendata2.doris-info.at/v3/api-docs/Opendata,Schwedenbrücke is Donaukanal; hasForecast=False,danube:grein,medium,same normalized name may occur in PEGELONLINE viadonau rows; not auto-deduplicated,yes
at,viadonau_at,ATROA00001G000520152,,Kienstock,Kienstock,Danube,2015.21,48.3823,15.4626,194.0,m,Adriatic Sea,cm,m3/s for characteristic discharge fields,,gauge,yes,https://opendata2.doris-info.at/doris/api/1.0/gauge/list,https://opendata2.doris-info.at/v3/api-docs/Opendata,Schwedenbrücke is Donaukanal; hasForecast=True,danube:kienstock,medium,same normalized name may occur in PEGELONLINE viadonau rows; not auto-deduplicated,yes
at,viadonau_at,ATDUE00001G001420091,,Dürnstein,Durnstein,Danube,2009.15,48.3978,15.5184,191.2,m,Adriatic Sea,cm,m3/s for characteristic discharge fields,,gauge,yes,https://opendata2.doris-info.at/doris/api/1.0/gauge/list,https://opendata2.doris-info.at/v3/api-docs/Opendata,Schwedenbrücke is Donaukanal; hasForecast=False,danube:durnstein,medium,same normalized name may occur in PEGELONLINE viadonau rows; not auto-deduplicated,yes
at,viadonau_at,ATKBG00001G000619415,,Korneuburg,Korneuburg,Danube,1941.46,48.3273,16.3342,159.87,m,Adriatic Sea,cm,m3/s for characteristic discharge fields,,gauge,yes,https://opendata2.doris-info.at/doris/api/1.0/gauge/list,https://opendata2.doris-info.at/v3/api-docs/Opendata,Schwedenbrücke is Donaukanal; hasForecast=False,danube:korneuburg,medium,same normalized name may occur in PEGELONLINE viadonau rows; not auto-deduplicated,yes
at,viadonau_at,ATVIE00002G001500063,,Schwedenbrücke,Schwedenbrucke,Danube,6.28,48.212,16.3786,152.68,m,Adriatic Sea,cm,m3/s for characteristic discharge fields,,gauge,yes,https://opendata2.doris-info.at/doris/api/1.0/gauge/list,https://opendata2.doris-info.at/v3/api-docs/Opendata,Schwedenbrücke is Donaukanal; hasForecast=False,danube:schwedenbrucke,medium,same normalized name may occur in PEGELONLINE viadonau rows; not auto-deduplicated,yes
at,viadonau_at,ATPEC00001G000718947,,Wildungsmauer,Wildungsmauer,Danube,1894.72,48.1153,16.8056,139.48,m,Adriatic Sea,cm,m3/s for characteristic discharge fields,,gauge,yes,https://opendata2.doris-info.at/doris/api/1.0/gauge/list,https://opendata2.doris-info.at/v3/api-docs/Opendata,Schwedenbrücke is Donaukanal; hasForecast=True,danube:wildungsmauer,medium,same normalized name may occur in PEGELONLINE viadonau rows; not auto-deduplicated,yes
at,viadonau_at,ATHIA00001G001218792,,Thebnerstraßl,Thebnerstrassl,Danube,1879.25,48.1665,16.9837,133.26,m,Adriatic Sea,cm,m3/s for characteristic discharge fields,,gauge,yes,https://opendata2.doris-info.at/doris/api/1.0/gauge/list,https://opendata2.doris-info.at/v3/api-docs/Opendata,Schwedenbrücke is Donaukanal; hasForecast=False,danube:thebnerstrassl,medium,same normalized name may occur in PEGELONLINE viadonau rows; not auto-deduplicated,yes
sk,shmu_sk,5140,,Bratislava,Bratislava,Danube,,,,,,,cm,,degC,hydrometric,unknown,https://www.shmu.sk/en/?id=hydro_vod_all&page=1,https://www.shmu.sk/en/?id=hydro_vod_all&page=1,operational/unreviewed data,,unknown,,no
sk,shmu_sk,5138,,Čunovo - horná hladina,Cunovo - horna hladina,Danube,,,,,,,cm,,degC,hydrometric,unknown,https://www.shmu.sk/en/?id=hydro_vod_all&page=1,https://www.shmu.sk/en/?id=hydro_vod_all&page=1,operational/unreviewed data,,unknown,,no
sk,shmu_sk,5127,,Devín,Devin,Danube,,,,,,,cm,,degC,hydrometric,unknown,https://www.shmu.sk/en/?id=hydro_vod_all&page=1,https://www.shmu.sk/en/?id=hydro_vod_all&page=1,operational/unreviewed data,,unknown,,no
sk,shmu_sk,5128,,Devín - lom,Devin - lom,Danube,,,,,,,cm,,degC,hydrometric,unknown,https://www.shmu.sk/en/?id=hydro_vod_all&page=1,https://www.shmu.sk/en/?id=hydro_vod_all&page=1,operational/unreviewed data,,unknown,,no
sk,shmu_sk,5153,,Dobrohošť,Dobrohost,Danube,,,,,,,cm,,degC,hydrometric,unknown,https://www.shmu.sk/en/?id=hydro_vod_all&page=1,https://www.shmu.sk/en/?id=hydro_vod_all&page=1,operational/unreviewed data,,unknown,,no
sk,shmu_sk,5143,,Gabčíkovo,Gabcikovo,Danube,,,,,,,cm,,degC,hydrometric,unknown,https://www.shmu.sk/en/?id=hydro_vod_all&page=1,https://www.shmu.sk/en/?id=hydro_vod_all&page=1,operational/unreviewed data,,unknown,,no
sk,shmu_sk,5149,,Hamuliakovo,Hamuliakovo,Danube,,,,,,,cm,,degC,hydrometric,unknown,https://www.shmu.sk/en/?id=hydro_vod_all&page=1,https://www.shmu.sk/en/?id=hydro_vod_all&page=1,operational/unreviewed data,,unknown,,no
sk,shmu_sk,6860,,Iža,Iza,Danube,,,,,,,cm,,degC,hydrometric,unknown,https://www.shmu.sk/en/?id=hydro_vod_all&page=1,https://www.shmu.sk/en/?id=hydro_vod_all&page=1,operational/unreviewed data,,unknown,,no
sk,shmu_sk,6849,,Komárno,Komarno,Danube,,,,,,,cm,,degC,hydrometric,unknown,https://www.shmu.sk/en/?id=hydro_vod_all&page=1,https://www.shmu.sk/en/?id=hydro_vod_all&page=1,operational/unreviewed data,,unknown,,no
sk,shmu_sk,6870,,Radvaň  n/Dunajom,Radvan  n/Dunajom,Danube,,,,,,,cm,,degC,hydrometric,unknown,https://www.shmu.sk/en/?id=hydro_vod_all&page=1,https://www.shmu.sk/en/?id=hydro_vod_all&page=1,operational/unreviewed data,,unknown,,no
sk,shmu_sk,5141,,Rusovce,Rusovce,Danube,,,,,,,cm,,degC,hydrometric,unknown,https://www.shmu.sk/en/?id=hydro_vod_all&page=1,https://www.shmu.sk/en/?id=hydro_vod_all&page=1,operational/unreviewed data,,unknown,,no
sk,shmu_sk,6880,,Štúrovo,Sturovo,Danube,,,,,,,cm,,degC,hydrometric,unknown,https://www.shmu.sk/en/?id=hydro_vod_all&page=1,https://www.shmu.sk/en/?id=hydro_vod_all&page=1,operational/unreviewed data,,unknown,,no
sk,shmu_sk,6830,,Zlatná na Ostrove,Zlatna na Ostrove,Danube,,,,,,,cm,,degC,hydrometric,unknown,https://www.shmu.sk/en/?id=hydro_vod_all&page=1,https://www.shmu.sk/en/?id=hydro_vod_all&page=1,operational/unreviewed data,,unknown,,no
de,hydroinfo_hu,342205,,Ingolstadt,Ingolstadt,Danube,,,,,,,cm,m3/s,degC,hydrometric_or_republished,unknown,https://www.hydroinfo.hu/tables/dunhif.html,,provider_role=republished; foreign rows are validation only,danube:ingolstadt,low,republished name may match a primary national station; identifiers/metadata must be reviewed,yes
de,hydroinfo_hu,342206,,Oberndorf,Oberndorf,Danube,,,,,,,cm,m3/s,degC,hydrometric_or_republished,unknown,https://www.hydroinfo.hu/tables/dunhif.html,,provider_role=republished; foreign rows are validation only,danube:oberndorf,low,republished name may match a primary national station; identifiers/metadata must be reviewed,yes
de,hydroinfo_hu,342001,,Regensburg-Schwabelweis,Regensburg-Schwabelweis,Danube,,,,,,,cm,m3/s,degC,hydrometric_or_republished,unknown,https://www.hydroinfo.hu/tables/dunhif.html,,provider_role=republished; foreign rows are validation only,danube:regensburg-schwabelweis,low,republished name may match a primary national station; identifiers/metadata must be reviewed,yes
de,hydroinfo_hu,342004,,Pfelling,Pfelling,Danube,,,,,,,cm,m3/s,degC,hydrometric_or_republished,unknown,https://www.hydroinfo.hu/tables/dunhif.html,,provider_role=republished; foreign rows are validation only,danube:pfelling,low,republished name may match a primary national station; identifiers/metadata must be reviewed,yes
de,hydroinfo_hu,342209,,Deggendorf,Deggendorf,Danube,,,,,,,cm,m3/s,degC,hydrometric_or_republished,unknown,https://www.hydroinfo.hu/tables/dunhif.html,,provider_role=republished; foreign rows are validation only,danube:deggendorf,low,republished name may match a primary national station; identifiers/metadata must be reviewed,yes
de,hydroinfo_hu,342002,,Hofkirchen,Hofkirchen,Danube,,,,,,,cm,m3/s,degC,hydrometric_or_republished,unknown,https://www.hydroinfo.hu/tables/dunhif.html,,provider_role=republished; foreign rows are validation only,danube:hofkirchen,low,republished name may match a primary national station; identifiers/metadata must be reviewed,yes
de,hydroinfo_hu,342003,,Passau,Passau,Danube,,,,,,,cm,m3/s,degC,hydrometric_or_republished,unknown,https://www.hydroinfo.hu/tables/dunhif.html,,provider_role=republished; foreign rows are validation only,danube:passau,low,republished name may match a primary national station; identifiers/metadata must be reviewed,yes
de,hydroinfo_hu,342211,,Passau-Ilzstadt,Passau-Ilzstadt,Danube,,,,,,,cm,m3/s,degC,hydrometric_or_republished,unknown,https://www.hydroinfo.hu/tables/dunhif.html,,provider_role=republished; foreign rows are validation only,danube:passau-ilzstadt,low,republished name may match a primary national station; identifiers/metadata must be reviewed,yes
at,hydroinfo_hu,242006,,Engelhartszell,Engelhartszell,Danube,,,,,,,cm,m3/s,degC,hydrometric_or_republished,unknown,https://www.hydroinfo.hu/tables/dunhif.html,,provider_role=republished; foreign rows are validation only,danube:engelhartszell,low,republished name may match a primary national station; identifiers/metadata must be reviewed,yes
at,hydroinfo_hu,242008,,Linz,Linz,Danube,,,,,,,cm,m3/s,degC,hydrometric_or_republished,unknown,https://www.hydroinfo.hu/tables/dunhif.html,,provider_role=republished; foreign rows are validation only,danube:linz,low,republished name may match a primary national station; identifiers/metadata must be reviewed,yes
at,hydroinfo_hu,242009,,Mauthausen,Mauthausen,Danube,,,,,,,cm,m3/s,degC,hydrometric_or_republished,unknown,https://www.hydroinfo.hu/tables/dunhif.html,,provider_role=republished; foreign rows are validation only,danube:mauthausen,low,republished name may match a primary national station; identifiers/metadata must be reviewed,yes
at,hydroinfo_hu,242010,,Ybbs,Ybbs,Danube,,,,,,,cm,m3/s,degC,hydrometric_or_republished,unknown,https://www.hydroinfo.hu/tables/dunhif.html,,provider_role=republished; foreign rows are validation only,danube:ybbs,low,republished name may match a primary national station; identifiers/metadata must be reviewed,yes
at,hydroinfo_hu,242120,,Melk,Melk,Danube,,,,,,,cm,m3/s,degC,hydrometric_or_republished,unknown,https://www.hydroinfo.hu/tables/dunhif.html,,provider_role=republished; foreign rows are validation only,danube:melk,low,republished name may match a primary national station; identifiers/metadata must be reviewed,yes
at,hydroinfo_hu,242011,,Kienstock,Kienstock,Danube,,,,,,,cm,m3/s,degC,hydrometric_or_republished,unknown,https://www.hydroinfo.hu/tables/dunhif.html,,provider_role=republished; foreign rows are validation only,danube:kienstock,low,republished name may match a primary national station; identifiers/metadata must be reviewed,yes
at,hydroinfo_hu,242013,,Korneuburg,Korneuburg,Danube,,,,,,,cm,m3/s,degC,hydrometric_or_republished,unknown,https://www.hydroinfo.hu/tables/dunhif.html,,provider_role=republished; foreign rows are validation only,danube:korneuburg,low,republished name may match a primary national station; identifiers/metadata must be reviewed,yes
at,hydroinfo_hu,242012,,Bécs,Becs,Danube,,,,,,,cm,m3/s,degC,hydrometric_or_republished,unknown,https://www.hydroinfo.hu/tables/dunhif.html,,provider_role=republished; foreign rows are validation only,danube:becs,low,republished name may match a primary national station; identifiers/metadata must be reviewed,yes
at,hydroinfo_hu,242014,,Wildungsmauer,Wildungsmauer,Danube,,,,,,,cm,m3/s,degC,hydrometric_or_republished,unknown,https://www.hydroinfo.hu/tables/dunhif.html,,provider_role=republished; foreign rows are validation only,danube:wildungsmauer,low,republished name may match a primary national station; identifiers/metadata must be reviewed,yes
at,hydroinfo_hu,242015,,Hainburg,Hainburg,Danube,,,,,,,cm,m3/s,degC,hydrometric_or_republished,unknown,https://www.hydroinfo.hu/tables/dunhif.html,,provider_role=republished; foreign rows are validation only,danube:hainburg,low,republished name may match a primary national station; identifiers/metadata must be reviewed,yes
sk,hydroinfo_hu,142301,,Dévény,Deveny,Danube,,,,,,,cm,m3/s,degC,hydrometric_or_republished,unknown,https://www.hydroinfo.hu/tables/dunhif.html,,provider_role=republished; foreign rows are validation only,danube:deveny,low,republished name may match a primary national station; identifiers/metadata must be reviewed,yes
sk,hydroinfo_hu,142302,,Pozsony,Pozsony,Danube,,,,,,,cm,m3/s,degC,hydrometric_or_republished,unknown,https://www.hydroinfo.hu/tables/dunhif.html,,provider_role=republished; foreign rows are validation only,danube:pozsony,low,republished name may match a primary national station; identifiers/metadata must be reviewed,yes
hu,hydroinfo_hu,442020,,Rajka,Rajka,Danube,,,,,,,cm,m3/s,degC,hydrometric_or_republished,unknown,https://www.hydroinfo.hu/tables/dunhif.html,,provider_role=primary HU,danube:rajka,unknown,,yes
hu,hydroinfo_hu,442021,,Dunaremete,Dunaremete,Danube,,,,,,,cm,m3/s,degC,hydrometric_or_republished,unknown,https://www.hydroinfo.hu/tables/dunhif.html,,provider_role=primary HU,danube:dunaremete,unknown,,yes
sk,hydroinfo_hu,142304,,Bős,Bos,Danube,,,,,,,cm,m3/s,degC,hydrometric_or_republished,unknown,https://www.hydroinfo.hu/tables/dunhif.html,,provider_role=republished; foreign rows are validation only,danube:bos,low,republished name may match a primary national station; identifiers/metadata must be reviewed,yes
sk,hydroinfo_hu,142306,,Medve,Medve,Danube,,,,,,,cm,m3/s,degC,hydrometric_or_republished,unknown,https://www.hydroinfo.hu/tables/dunhif.html,,provider_role=republished; foreign rows are validation only,danube:medve,low,republished name may match a primary national station; identifiers/metadata must be reviewed,yes
hu,hydroinfo_hu,442502,,Nagybajcs,Nagybajcs,Danube,,,,,,,cm,m3/s,degC,hydrometric_or_republished,unknown,https://www.hydroinfo.hu/tables/dunhif.html,,provider_role=primary HU,danube:nagybajcs,unknown,,yes
hu,hydroinfo_hu,442521,,Gönyű,Gonyu,Danube,,,,,,,cm,m3/s,degC,hydrometric_or_republished,unknown,https://www.hydroinfo.hu/tables/dunhif.html,,provider_role=primary HU,danube:gonyu,unknown,,yes
hu,hydroinfo_hu,442522,,Komárom,Komarom,Danube,,,,,,,cm,m3/s,degC,hydrometric_or_republished,unknown,https://www.hydroinfo.hu/tables/dunhif.html,,provider_role=primary HU,danube:komarom,unknown,,yes
sk,hydroinfo_hu,142308,,Révkomárom,Revkomarom,Danube,,,,,,,cm,m3/s,degC,hydrometric_or_republished,unknown,https://www.hydroinfo.hu/tables/dunhif.html,,provider_role=republished; foreign rows are validation only,danube:revkomarom,low,republished name may match a primary national station; identifiers/metadata must be reviewed,yes
hu,hydroinfo_hu,442024,,Lábatlan,Labatlan,Danube,,,,,,,cm,m3/s,degC,hydrometric_or_republished,unknown,https://www.hydroinfo.hu/tables/dunhif.html,,provider_role=primary HU,danube:labatlan,unknown,,yes
hu,hydroinfo_hu,442025,,Esztergom,Esztergom,Danube,,,,,,,cm,m3/s,degC,hydrometric_or_republished,unknown,https://www.hydroinfo.hu/tables/dunhif.html,,provider_role=primary HU,danube:esztergom,unknown,,yes
sk,hydroinfo_hu,142310,,Párkány,Parkany,Danube,,,,,,,cm,m3/s,degC,hydrometric_or_republished,unknown,https://www.hydroinfo.hu/tables/dunhif.html,,provider_role=republished; foreign rows are validation only,danube:parkany,low,republished name may match a primary national station; identifiers/metadata must be reviewed,yes
hu,hydroinfo_hu,442625,,Szob,Szob,Danube,,,,,,,cm,m3/s,degC,hydrometric_or_republished,unknown,https://www.hydroinfo.hu/tables/dunhif.html,,provider_role=primary HU,danube:szob,unknown,,yes
hu,hydroinfo_hu,442527,,Nagymaros,Nagymaros,Danube,,,,,,,cm,m3/s,degC,hydrometric_or_republished,unknown,https://www.hydroinfo.hu/tables/dunhif.html,,provider_role=primary HU,danube:nagymaros,unknown,,yes
hu,hydroinfo_hu,442026,,Vác,Vac,Danube,,,,,,,cm,m3/s,degC,hydrometric_or_republished,unknown,https://www.hydroinfo.hu/tables/dunhif.html,,provider_role=primary HU,danube:vac,unknown,,yes
hu,hydroinfo_hu,442643,,Göd,God,Danube,,,,,,,cm,m3/s,degC,hydrometric_or_republished,unknown,https://www.hydroinfo.hu/tables/dunhif.html,,provider_role=primary HU,danube:god,unknown,,yes
hu,hydroinfo_hu,442027,,Budapest,Budapest,Danube,,,,,,,cm,m3/s,degC,hydrometric_or_republished,unknown,https://www.hydroinfo.hu/tables/dunhif.html,,provider_role=primary HU,danube:budapest,unknown,,yes
hu,hydroinfo_hu,442532,,Kvassay zsilip,Kvassay zsilip,Danube,,,,,,,cm,m3/s,degC,hydrometric_or_republished,unknown,https://www.hydroinfo.hu/tables/dunhif.html,,provider_role=primary HU,danube:kvassay-zsilip,unknown,,yes
hu,hydroinfo_hu,442533,,Budafok,Budafok,Danube,,,,,,,cm,m3/s,degC,hydrometric_or_republished,unknown,https://www.hydroinfo.hu/tables/dunhif.html,,provider_role=primary HU,danube:budafok,unknown,,yes
hu,hydroinfo_hu,442534,,Ercsi,Ercsi,Danube,,,,,,,cm,m3/s,degC,hydrometric_or_republished,unknown,https://www.hydroinfo.hu/tables/dunhif.html,,provider_role=primary HU,danube:ercsi,unknown,,yes
hu,hydroinfo_hu,442535,,Adony,Adony,Danube,,,,,,,cm,m3/s,degC,hydrometric_or_republished,unknown,https://www.hydroinfo.hu/tables/dunhif.html,,provider_role=primary HU,danube:adony,unknown,,yes
hu,hydroinfo_hu,442536,,Tass,Tass,Danube,,,,,,,cm,m3/s,degC,hydrometric_or_republished,unknown,https://www.hydroinfo.hu/tables/dunhif.html,,provider_role=primary HU,danube:tass,unknown,,yes
hu,hydroinfo_hu,442028,,Dunaújváros,Dunaujvaros,Danube,,,,,,,cm,m3/s,degC,hydrometric_or_republished,unknown,https://www.hydroinfo.hu/tables/dunhif.html,,provider_role=primary HU,danube:dunaujvaros,unknown,,yes
hu,hydroinfo_hu,442029,,Dunaföldvár,Dunafoldvar,Danube,,,,,,,cm,m3/s,degC,hydrometric_or_republished,unknown,https://www.hydroinfo.hu/tables/dunhif.html,,provider_role=primary HU,danube:dunafoldvar,unknown,,yes
hu,hydroinfo_hu,442030,,Paks,Paks,Danube,,,,,,,cm,m3/s,degC,hydrometric_or_republished,unknown,https://www.hydroinfo.hu/tables/dunhif.html,,provider_role=primary HU,danube:paks,unknown,,yes
hu,hydroinfo_hu,442540,,Dombori,Dombori,Danube,,,,,,,cm,m3/s,degC,hydrometric_or_republished,unknown,https://www.hydroinfo.hu/tables/dunhif.html,,provider_role=primary HU,danube:dombori,unknown,,yes
hu,hydroinfo_hu,442031,,Baja,Baja,Danube,,,,,,,cm,m3/s,degC,hydrometric_or_republished,unknown,https://www.hydroinfo.hu/tables/dunhif.html,,provider_role=primary HU,danube:baja,unknown,,yes
hu,hydroinfo_hu,442560,,Dunaszekcső,Dunaszekcso,Danube,,,,,,,cm,m3/s,degC,hydrometric_or_republished,unknown,https://www.hydroinfo.hu/tables/dunhif.html,,provider_role=primary HU,danube:dunaszekcso,unknown,,yes
hu,hydroinfo_hu,442032,,Mohács,Mohacs,Danube,,,,,,,cm,m3/s,degC,hydrometric_or_republished,unknown,https://www.hydroinfo.hu/tables/dunhif.html,,provider_role=primary HU,danube:mohacs,unknown,,yes
rs,hydroinfo_hu,542010,,Bezdán,Bezdan,Danube,,,,,,,cm,m3/s,degC,hydrometric_or_republished,unknown,https://www.hydroinfo.hu/tables/dunhif.html,,provider_role=republished; foreign rows are validation only,danube:bezdan,low,republished name may match a primary national station; identifiers/metadata must be reviewed,yes
rs,hydroinfo_hu,542015,,Apatin,Apatin,Danube,,,,,,,cm,m3/s,degC,hydrometric_or_republished,unknown,https://www.hydroinfo.hu/tables/dunhif.html,,provider_role=republished; foreign rows are validation only,danube:apatin,low,republished name may match a primary national station; identifiers/metadata must be reviewed,yes
rs,hydroinfo_hu,542017,,Almás,Almas,Danube,,,,,,,cm,m3/s,degC,hydrometric_or_republished,unknown,https://www.hydroinfo.hu/tables/dunhif.html,,provider_role=republished; foreign rows are validation only,danube:almas,low,republished name may match a primary national station; identifiers/metadata must be reviewed,yes
rs,hydroinfo_hu,542020,,Gombos,Gombos,Danube,,,,,,,cm,m3/s,degC,hydrometric_or_republished,unknown,https://www.hydroinfo.hu/tables/dunhif.html,,provider_role=republished; foreign rows are validation only,danube:gombos,low,republished name may match a primary national station; identifiers/metadata must be reviewed,yes
rs,hydroinfo_hu,542025,,Vukovár,Vukovar,Danube,,,,,,,cm,m3/s,degC,hydrometric_or_republished,unknown,https://www.hydroinfo.hu/tables/dunhif.html,,provider_role=republished; foreign rows are validation only,danube:vukovar,low,republished name may match a primary national station; identifiers/metadata must be reviewed,yes
rs,hydroinfo_hu,542030,,Újlak,Ujlak,Danube,,,,,,,cm,m3/s,degC,hydrometric_or_republished,unknown,https://www.hydroinfo.hu/tables/dunhif.html,,provider_role=republished; foreign rows are validation only,danube:ujlak,low,republished name may match a primary national station; identifiers/metadata must be reviewed,yes
rs,hydroinfo_hu,542035,,Újvidék,Ujvidek,Danube,,,,,,,cm,m3/s,degC,hydrometric_or_republished,unknown,https://www.hydroinfo.hu/tables/dunhif.html,,provider_role=republished; foreign rows are validation only,danube:ujvidek,low,republished name may match a primary national station; identifiers/metadata must be reviewed,yes
rs,hydroinfo_hu,542045,,Zimony,Zimony,Danube,,,,,,,cm,m3/s,degC,hydrometric_or_republished,unknown,https://www.hydroinfo.hu/tables/dunhif.html,,provider_role=republished; foreign rows are validation only,danube:zimony,low,republished name may match a primary national station; identifiers/metadata must be reviewed,yes
rs,hydroinfo_hu,542050,,Pancsova,Pancsova,Danube,,,,,,,cm,m3/s,degC,hydrometric_or_republished,unknown,https://www.hydroinfo.hu/tables/dunhif.html,,provider_role=republished; foreign rows are validation only,danube:pancsova,low,republished name may match a primary national station; identifiers/metadata must be reviewed,yes
rs,hydroinfo_hu,542055,,Szendrő,Szendro,Danube,,,,,,,cm,m3/s,degC,hydrometric_or_republished,unknown,https://www.hydroinfo.hu/tables/dunhif.html,,provider_role=republished; foreign rows are validation only,danube:szendro,low,republished name may match a primary national station; identifiers/metadata must be reviewed,yes
ro,hydroinfo_hu,742001,,Báziás,Bazias,Danube,,,,,,,cm,m3/s,degC,hydrometric_or_republished,unknown,https://www.hydroinfo.hu/tables/dunhif.html,,provider_role=republished; foreign rows are validation only,danube:bazias,low,republished name may match a primary national station; identifiers/metadata must be reviewed,yes
rs,hydroinfo_hu,542065,,Veliko Gradiste,Veliko Gradiste,Danube,,,,,,,cm,m3/s,degC,hydrometric_or_republished,unknown,https://www.hydroinfo.hu/tables/dunhif.html,,provider_role=republished; foreign rows are validation only,danube:veliko-gradiste,low,republished name may match a primary national station; identifiers/metadata must be reviewed,yes
ro,hydroinfo_hu,742002,,Ómoldova,Omoldova,Danube,,,,,,,cm,m3/s,degC,hydrometric_or_republished,unknown,https://www.hydroinfo.hu/tables/dunhif.html,,provider_role=republished; foreign rows are validation only,danube:omoldova,low,republished name may match a primary national station; identifiers/metadata must be reviewed,yes
ro,hydroinfo_hu,742003,,Drenkó,Drenko,Danube,,,,,,,cm,m3/s,degC,hydrometric_or_republished,unknown,https://www.hydroinfo.hu/tables/dunhif.html,,provider_role=republished; foreign rows are validation only,danube:drenko,low,republished name may match a primary national station; identifiers/metadata must be reviewed,yes
ro,hydroinfo_hu,742005,,Orsova,Orsova,Danube,,,,,,,cm,m3/s,degC,hydrometric_or_republished,unknown,https://www.hydroinfo.hu/tables/dunhif.html,,provider_role=republished; foreign rows are validation only,danube:orsova,low,republished name may match a primary national station; identifiers/metadata must be reviewed,yes
ro,hydroinfo_hu,742008,,Szörényvár,Szorenyvar,Danube,,,,,,,cm,m3/s,degC,hydrometric_or_republished,unknown,https://www.hydroinfo.hu/tables/dunhif.html,,provider_role=republished; foreign rows are validation only,danube:szorenyvar,low,republished name may match a primary national station; identifiers/metadata must be reviewed,yes
rs,hydroinfo_hu,542095,,Prahovo,Prahovo,Danube,,,,,,,cm,m3/s,degC,hydrometric_or_republished,unknown,https://www.hydroinfo.hu/tables/dunhif.html,,provider_role=republished; foreign rows are validation only,danube:prahovo,low,republished name may match a primary national station; identifiers/metadata must be reviewed,yes
ro,hydroinfo_hu,742010,,Gruia,Gruia,Danube,,,,,,,cm,m3/s,degC,hydrometric_or_republished,unknown,https://www.hydroinfo.hu/tables/dunhif.html,,provider_role=republished; foreign rows are validation only,danube:gruia,low,republished name may match a primary national station; identifiers/metadata must be reviewed,yes
bg,hydroinfo_hu,842070,,Novo Selo,Novo Selo,Danube,,,,,,,cm,m3/s,degC,hydrometric_or_republished,unknown,https://www.hydroinfo.hu/tables/dunhif.html,,provider_role=republished; foreign rows are validation only,danube:novo-selo,low,republished name may match a primary national station; identifiers/metadata must be reviewed,yes
ro,hydroinfo_hu,742012,,Cetatea,Cetatea,Danube,,,,,,,cm,m3/s,degC,hydrometric_or_republished,unknown,https://www.hydroinfo.hu/tables/dunhif.html,,provider_role=republished; foreign rows are validation only,danube:cetatea,low,republished name may match a primary national station; identifiers/metadata must be reviewed,yes
ro,hydroinfo_hu,742013,,Calafat,Calafat,Danube,,,,,,,cm,m3/s,degC,hydrometric_or_republished,unknown,https://www.hydroinfo.hu/tables/dunhif.html,,provider_role=republished; foreign rows are validation only,danube:calafat,low,republished name may match a primary national station; identifiers/metadata must be reviewed,yes
bg,hydroinfo_hu,842073,,Lom,Lom,Danube,,,,,,,cm,m3/s,degC,hydrometric_or_republished,unknown,https://www.hydroinfo.hu/tables/dunhif.html,,provider_role=republished; foreign rows are validation only,danube:lom,low,republished name may match a primary national station; identifiers/metadata must be reviewed,yes
ro,hydroinfo_hu,742016,,Bistret,Bistret,Danube,,,,,,,cm,m3/s,degC,hydrometric_or_republished,unknown,https://www.hydroinfo.hu/tables/dunhif.html,,provider_role=republished; foreign rows are validation only,danube:bistret,low,republished name may match a primary national station; identifiers/metadata must be reviewed,yes
ro,hydroinfo_hu,742017,,Bechet,Bechet,Danube,,,,,,,cm,m3/s,degC,hydrometric_or_republished,unknown,https://www.hydroinfo.hu/tables/dunhif.html,,provider_role=republished; foreign rows are validation only,danube:bechet,low,republished name may match a primary national station; identifiers/metadata must be reviewed,yes
bg,hydroinfo_hu,842075,,Oriachovo,Oriachovo,Danube,,,,,,,cm,m3/s,degC,hydrometric_or_republished,unknown,https://www.hydroinfo.hu/tables/dunhif.html,,provider_role=republished; foreign rows are validation only,danube:oriachovo,low,republished name may match a primary national station; identifiers/metadata must be reviewed,yes
ro,hydroinfo_hu,742018,,Corabia,Corabia,Danube,,,,,,,cm,m3/s,degC,hydrometric_or_republished,unknown,https://www.hydroinfo.hu/tables/dunhif.html,,provider_role=republished; foreign rows are validation only,danube:corabia,low,republished name may match a primary national station; identifiers/metadata must be reviewed,yes
ro,hydroinfo_hu,742024,,Turnu Magurele,Turnu Magurele,Danube,,,,,,,cm,m3/s,degC,hydrometric_or_republished,unknown,https://www.hydroinfo.hu/tables/dunhif.html,,provider_role=republished; foreign rows are validation only,danube:turnu-magurele,low,republished name may match a primary national station; identifiers/metadata must be reviewed,yes
bg,hydroinfo_hu,842078,,Svistov,Svistov,Danube,,,,,,,cm,m3/s,degC,hydrometric_or_republished,unknown,https://www.hydroinfo.hu/tables/dunhif.html,,provider_role=republished; foreign rows are validation only,danube:svistov,low,republished name may match a primary national station; identifiers/metadata must be reviewed,yes
ro,hydroinfo_hu,742025,,Zimnicea,Zimnicea,Danube,,,,,,,cm,m3/s,degC,hydrometric_or_republished,unknown,https://www.hydroinfo.hu/tables/dunhif.html,,provider_role=republished; foreign rows are validation only,danube:zimnicea,low,republished name may match a primary national station; identifiers/metadata must be reviewed,yes
bg,hydroinfo_hu,842080,,Rusze,Rusze,Danube,,,,,,,cm,m3/s,degC,hydrometric_or_republished,unknown,https://www.hydroinfo.hu/tables/dunhif.html,,provider_role=republished; foreign rows are validation only,danube:rusze,low,republished name may match a primary national station; identifiers/metadata must be reviewed,yes
ro,hydroinfo_hu,742027,,Gyurgyevó,Gyurgyevo,Danube,,,,,,,cm,m3/s,degC,hydrometric_or_republished,unknown,https://www.hydroinfo.hu/tables/dunhif.html,,provider_role=republished; foreign rows are validation only,danube:gyurgyevo,low,republished name may match a primary national station; identifiers/metadata must be reviewed,yes
ro,hydroinfo_hu,742031,,Oltenita,Oltenita,Danube,,,,,,,cm,m3/s,degC,hydrometric_or_republished,unknown,https://www.hydroinfo.hu/tables/dunhif.html,,provider_role=republished; foreign rows are validation only,danube:oltenita,low,republished name may match a primary national station; identifiers/metadata must be reviewed,yes
bg,hydroinfo_hu,842083,,Silistra,Silistra,Danube,,,,,,,cm,m3/s,degC,hydrometric_or_republished,unknown,https://www.hydroinfo.hu/tables/dunhif.html,,provider_role=republished; foreign rows are validation only,danube:silistra,low,republished name may match a primary national station; identifiers/metadata must be reviewed,yes
ro,hydroinfo_hu,742034,,Calarasi,Calarasi,Danube,,,,,,,cm,m3/s,degC,hydrometric_or_republished,unknown,https://www.hydroinfo.hu/tables/dunhif.html,,provider_role=republished; foreign rows are validation only,danube:calarasi,low,republished name may match a primary national station; identifiers/metadata must be reviewed,yes
ro,hydroinfo_hu,742037,,Fetesti,Fetesti,Danube,,,,,,,cm,m3/s,degC,hydrometric_or_republished,unknown,https://www.hydroinfo.hu/tables/dunhif.html,,provider_role=republished; foreign rows are validation only,danube:fetesti,low,republished name may match a primary national station; identifiers/metadata must be reviewed,yes
ro,hydroinfo_hu,742038,,Cernavoda,Cernavoda,Danube,,,,,,,cm,m3/s,degC,hydrometric_or_republished,unknown,https://www.hydroinfo.hu/tables/dunhif.html,,provider_role=republished; foreign rows are validation only,danube:cernavoda,low,republished name may match a primary national station; identifiers/metadata must be reviewed,yes
ro,hydroinfo_hu,742039,,Hirsova,Hirsova,Danube,,,,,,,cm,m3/s,degC,hydrometric_or_republished,unknown,https://www.hydroinfo.hu/tables/dunhif.html,,provider_role=republished; foreign rows are validation only,danube:hirsova,low,republished name may match a primary national station; identifiers/metadata must be reviewed,yes
ro,hydroinfo_hu,742051,,Braila,Braila,Danube,,,,,,,cm,m3/s,degC,hydrometric_or_republished,unknown,https://www.hydroinfo.hu/tables/dunhif.html,,provider_role=republished; foreign rows are validation only,danube:braila,low,republished name may match a primary national station; identifiers/metadata must be reviewed,yes
ro,hydroinfo_hu,742052,,Galac,Galac,Danube,,,,,,,cm,m3/s,degC,hydrometric_or_republished,unknown,https://www.hydroinfo.hu/tables/dunhif.html,,provider_role=republished; foreign rows are validation only,danube:galac,low,republished name may match a primary national station; identifiers/metadata must be reviewed,yes
ro,hydroinfo_hu,742055,,Isaccea,Isaccea,Danube,,,,,,,cm,m3/s,degC,hydrometric_or_republished,unknown,https://www.hydroinfo.hu/tables/dunhif.html,,provider_role=republished; foreign rows are validation only,danube:isaccea,low,republished name may match a primary national station; identifiers/metadata must be reviewed,yes
ro,hydroinfo_hu,742057,,Tulcea,Tulcea,Danube,,,,,,,cm,m3/s,degC,hydrometric_or_republished,unknown,https://www.hydroinfo.hu/tables/dunhif.html,,provider_role=republished; foreign rows are validation only,danube:tulcea,low,republished name may match a primary national station; identifiers/metadata must be reviewed,yes
ro,hydroinfo_hu,742058,,Ceatal Ismail,Ceatal Ismail,Danube,,,,,,,cm,m3/s,degC,hydrometric_or_republished,unknown,https://www.hydroinfo.hu/tables/dunhif.html,,provider_role=republished; foreign rows are validation only,danube:ceatal-ismail,low,republished name may match a primary national station; identifiers/metadata must be reviewed,yes
ro,hydroinfo_hu,742059,,Ceatal Sf.Gheorghe,Ceatal Sf.Gheorghe,Danube,,,,,,,cm,m3/s,degC,hydrometric_or_republished,unknown,https://www.hydroinfo.hu/tables/dunhif.html,,provider_role=republished; foreign rows are validation only,danube:ceatal-sf.gheorghe,low,republished name may match a primary national station; identifiers/metadata must be reviewed,yes
ro,hydroinfo_hu,742060,,Sulina,Sulina,Danube,,,,,,,cm,m3/s,degC,hydrometric_or_republished,unknown,https://www.hydroinfo.hu/tables/dunhif.html,,provider_role=republished; foreign rows are validation only,danube:sulina,low,republished name may match a primary national station; identifiers/metadata must be reviewed,yes
hu,hydroinfo_hu,442708,,Doborgaz,Doborgaz,Danube,,,,,,,cm,m3/s,degC,hydrometric_or_republished,unknown,https://www.hydroinfo.hu/tables/dunhif.html,,provider_role=primary HU,danube:doborgaz,unknown,,yes
hr,vodniputovi_hr,5001,,Aljmaš,Aljmas,Danube,,,,,,,cm,,,gauge,unknown,https://vodniputovi.hr/dhmz_vodostaji/getwaterstuff.php,https://www.vodniputovi.hr/en/services/waterlevels/,"10 records returned; latest sample 2026-03-12, stale at audit",danube:aljmas,medium,name and institutional ID can be reviewed against Hydroinfo,yes
hr,vodniputovi_hr,5170,,Batina,Batina,Danube,,,,,,,cm,,,gauge,unknown,https://vodniputovi.hr/dhmz_vodostaji/getwaterstuff.php,https://www.vodniputovi.hr/en/services/waterlevels/,"10 records returned; latest sample 2026-03-12, stale at audit",danube:batina,medium,name and institutional ID can be reviewed against Hydroinfo,yes
hr,vodniputovi_hr,5070,,Vukovar,Vukovar,Danube,,,,,,,cm,,,gauge,unknown,https://vodniputovi.hr/dhmz_vodostaji/getwaterstuff.php,https://www.vodniputovi.hr/en/services/waterlevels/,"10 records returned; latest sample 2026-03-12, stale at audit",danube:vukovar,medium,name and institutional ID can be reviewed against Hydroinfo,yes
hr,hrvatske_vode_hr,5130,,Dalj,Dalj,Danube,,,,,,,cm,,,gauge,unknown,https://mvodostaji.voda.hr/,https://mvodostaji.voda.hr/,official Croatian portal station; not returned by audited Vodni Putovi JSON,,unknown,,no
hr,hrvatske_vode_hr,5024,,Ilok,Ilok,Danube,,,,,,,cm,,,gauge,unknown,https://mvodostaji.voda.hr/,https://mvodostaji.voda.hr/,official Croatian portal station; not returned by audited Vodni Putovi JSON,,unknown,,no
rs,hidmet_rs,42010,,Bezdan,Bezdan,Danube,,,,,,,cm,m3/s on related pages,degC on related pages,hydrometric,unknown,https://www.hidmet.gov.rs/eng/hidrologija/izvestajne/index.php,https://www.hidmet.gov.rs/eng/hidrologija/naslovna_stanje.php,DUNAV reporting-station row,,unknown,,no
rs,hidmet_rs,42015,,Apatin,Apatin,Danube,,,,,,,cm,m3/s on related pages,degC on related pages,hydrometric,unknown,https://www.hidmet.gov.rs/eng/hidrologija/izvestajne/index.php,https://www.hidmet.gov.rs/eng/hidrologija/naslovna_stanje.php,DUNAV reporting-station row,,unknown,,no
rs,hidmet_rs,42020,,Bogojevo,Bogojevo,Danube,,,,,,,cm,m3/s on related pages,degC on related pages,hydrometric,unknown,https://www.hidmet.gov.rs/eng/hidrologija/izvestajne/index.php,https://www.hidmet.gov.rs/eng/hidrologija/naslovna_stanje.php,DUNAV reporting-station row,,unknown,,no
rs,hidmet_rs,42030,,Bačka Palanka,Backa Palanka,Danube,,,,,,,cm,m3/s on related pages,degC on related pages,hydrometric,unknown,https://www.hidmet.gov.rs/eng/hidrologija/izvestajne/index.php,https://www.hidmet.gov.rs/eng/hidrologija/naslovna_stanje.php,DUNAV reporting-station row,,unknown,,no
rs,hidmet_rs,42035,,Novi Sad,Novi Sad,Danube,,,,,,,cm,m3/s on related pages,degC on related pages,hydrometric,unknown,https://www.hidmet.gov.rs/eng/hidrologija/izvestajne/index.php,https://www.hidmet.gov.rs/eng/hidrologija/naslovna_stanje.php,DUNAV reporting-station row,,unknown,,no
rs,hidmet_rs,42040,,Slankamen,Slankamen,Danube,,,,,,,cm,m3/s on related pages,degC on related pages,hydrometric,unknown,https://www.hidmet.gov.rs/eng/hidrologija/izvestajne/index.php,https://www.hidmet.gov.rs/eng/hidrologija/naslovna_stanje.php,DUNAV reporting-station row,,unknown,,no
rs,hidmet_rs,42045,,Zemun,Zemun,Danube,,,,,,,cm,m3/s on related pages,degC on related pages,hydrometric,unknown,https://www.hidmet.gov.rs/eng/hidrologija/izvestajne/index.php,https://www.hidmet.gov.rs/eng/hidrologija/naslovna_stanje.php,DUNAV reporting-station row,,unknown,,no
rs,hidmet_rs,42050,,Pančevo,Pancevo,Danube,,,,,,,cm,m3/s on related pages,degC on related pages,hydrometric,unknown,https://www.hidmet.gov.rs/eng/hidrologija/izvestajne/index.php,https://www.hidmet.gov.rs/eng/hidrologija/naslovna_stanje.php,DUNAV reporting-station row,,unknown,,no
rs,hidmet_rs,42055,,Smederevo,Smederevo,Danube,,,,,,,cm,m3/s on related pages,degC on related pages,hydrometric,unknown,https://www.hidmet.gov.rs/eng/hidrologija/izvestajne/index.php,https://www.hidmet.gov.rs/eng/hidrologija/naslovna_stanje.php,DUNAV reporting-station row,,unknown,,no
rs,hidmet_rs,42060,,Banatska Palanka,Banatska Palanka,Danube,,,,,,,cm,m3/s on related pages,degC on related pages,hydrometric,unknown,https://www.hidmet.gov.rs/eng/hidrologija/izvestajne/index.php,https://www.hidmet.gov.rs/eng/hidrologija/naslovna_stanje.php,DUNAV reporting-station row,,unknown,,no
rs,hidmet_rs,42065,,Veliko Gradište,Veliko Gradiste,Danube,,,,,,,cm,m3/s on related pages,degC on related pages,hydrometric,unknown,https://www.hidmet.gov.rs/eng/hidrologija/izvestajne/index.php,https://www.hidmet.gov.rs/eng/hidrologija/naslovna_stanje.php,DUNAV reporting-station row,,unknown,,no
rs,hidmet_rs,42070,,Golubac,Golubac,Danube,,,,,,,cm,m3/s on related pages,degC on related pages,hydrometric,unknown,https://www.hidmet.gov.rs/eng/hidrologija/izvestajne/index.php,https://www.hidmet.gov.rs/eng/hidrologija/naslovna_stanje.php,DUNAV reporting-station row,,unknown,,no
rs,hidmet_rs,42095,,Prahovo,Prahovo,Danube,,,,,,,cm,m3/s on related pages,degC on related pages,hydrometric,unknown,https://www.hidmet.gov.rs/eng/hidrologija/izvestajne/index.php,https://www.hidmet.gov.rs/eng/hidrologija/naslovna_stanje.php,DUNAV reporting-station row,,unknown,,no
ro,afdj_ro,95,03013570-89c3-468d-929e-389aa605e929,Bechet,Bechet,Danube,679,43.784314,23.9574422,,,,cm,,degC,hydrometric,yes,https://afdj.ro/ro/tabel_cotele_dunarii/xml,https://afdj.ro/content/bechet,read from existing canonical station registry; audit did not modify it,danube:bechet,low,name overlap with a Romanian row republished by Hydroinfo; AFDJ has km/coordinates but the Hydroinfo row does not; human review required,yes
ro,afdj_ro,98,031cc7fd-3f5f-4d3f-8c42-01438e8dd69a,Cetate,Cetate,Danube,811,44.1114259,23.0475514,,,,cm,,degC,hydrometric,yes,https://afdj.ro/ro/tabel_cotele_dunarii/xml,https://afdj.ro/content/cetate,read from existing canonical station registry; audit did not modify it,,unknown,,no
ro,afdj_ro,99,09b542d8-41d7-4746-8d84-e081f76a8c37,Gruia,Gruia,Danube,851,44.2665732,22.7046852,,,,cm,,degC,hydrometric,yes,https://afdj.ro/ro/tabel_cotele_dunarii/xml,https://afdj.ro/content/gruia,read from existing canonical station registry; audit did not modify it,danube:gruia,low,name overlap with a Romanian row republished by Hydroinfo; AFDJ has km/coordinates but the Hydroinfo row does not; human review required,yes
ro,afdj_ro,104,1a87220f-e0ae-4cf3-b921-e1e5b73f5f75,Baziaș,Bazias,Danube,1072,44.8159071,21.39048,,,,cm,,degC,hydrometric,yes,https://afdj.ro/ro/tabel_cotele_dunarii/xml,https://afdj.ro/content/bazias,read from existing canonical station registry; audit did not modify it,danube:bazias,low,name overlap with a Romanian row republished by Hydroinfo; AFDJ has km/coordinates but the Hydroinfo row does not; human review required,yes
ro,afdj_ro,103,264afec2-a181-408b-979c-473e5eaf4940,Moldova Veche,Moldova Veche,Danube,1048,44.7213534,21.6198348,,,,cm,,degC,hydrometric,yes,https://afdj.ro/ro/tabel_cotele_dunarii/xml,https://afdj.ro/content/moldova-veche,read from existing canonical station registry; audit did not modify it,,unknown,,no
ro,afdj_ro,88,267d20a8-8a85-4d85-97e1-8aee686e9535,Cernavodă,Cernavoda,Danube,300,44.3416349,28.0316248,,,,cm,,degC,hydrometric,yes,https://afdj.ro/ro/tabel_cotele_dunarii/xml,https://afdj.ro/content/cernavoda,read from existing canonical station registry; audit did not modify it,danube:cernavoda,low,name overlap with a Romanian row republished by Hydroinfo; AFDJ has km/coordinates but the Hydroinfo row does not; human review required,yes
ro,afdj_ro,89,29f3d156-04e1-46bc-b699-bbea096e212f,Călărași,Calarasi,Danube,370,44.1961646,27.3313233,,,,cm,,degC,hydrometric,yes,https://afdj.ro/ro/tabel_cotele_dunarii/xml,https://afdj.ro/content/calarasi,read from existing canonical station registry; audit did not modify it,danube:calarasi,low,name overlap with a Romanian row republished by Hydroinfo; AFDJ has km/coordinates but the Hydroinfo row does not; human review required,yes
ro,afdj_ro,100,3d63f295-2216-491e-86ba-a0e19b6b5fa3,Drobeta-Turnu Severin,Drobeta-Turnu Severin,Danube,931,44.6257835,22.6531975,,,,cm,,degC,hydrometric,yes,https://afdj.ro/ro/tabel_cotele_dunarii/xml,https://afdj.ro/content/drobeta-turnu-severin,read from existing canonical station registry; audit did not modify it,,unknown,,no
ro,afdj_ro,87,434d580b-1bc9-4210-aea9-3d263e8251fe,Hârșova,Harsova,Danube,253,44.6845557,27.9513766,,,,cm,,degC,hydrometric,yes,https://afdj.ro/ro/tabel_cotele_dunarii/xml,https://afdj.ro/content/harsova-0,read from existing canonical station registry; audit did not modify it,,unknown,,no
ro,afdj_ro,93,5f0aaecc-01c1-4828-be3a-405bf48702b8,Turnu Măgurele,Turnu Magurele,Danube,597,43.7518306,24.8691717,,,,cm,,degC,hydrometric,yes,https://afdj.ro/ro/tabel_cotele_dunarii/xml,https://afdj.ro/content/turnu-magurele,read from existing canonical station registry; audit did not modify it,danube:turnu-magurele,low,name overlap with a Romanian row republished by Hydroinfo; AFDJ has km/coordinates but the Hydroinfo row does not; human review required,yes
ro,afdj_ro,82,657e4b68-9e17-4102-a240-b2cf2f34ba27,Sulina,Sulina,Danube,0,45.15541425,29.652728883222,,,,cm,,degC,hydrometric,yes,https://afdj.ro/ro/tabel_cotele_dunarii/xml,https://afdj.ro/content/sulina,read from existing canonical station registry; audit did not modify it,danube:sulina,low,name overlap with a Romanian row republished by Hydroinfo; AFDJ has km/coordinates but the Hydroinfo row does not; human review required,yes
ro,afdj_ro,84,733c61e2-3083-4766-9b49-9c51b6e6c7cc,Isaccea,Isaccea,Danube,103,45.2721887,28.4571456,,,,cm,,degC,hydrometric,yes,https://afdj.ro/ro/tabel_cotele_dunarii/xml,https://afdj.ro/content/isaccea,read from existing canonical station registry; audit did not modify it,danube:isaccea,low,name overlap with a Romanian row republished by Hydroinfo; AFDJ has km/coordinates but the Hydroinfo row does not; human review required,yes
ro,afdj_ro,102,841d8091-d02e-4c06-8391-7f5aa233b244,Drencova,Drencova,Danube,1015,44.6377707,21.9723364,,,,cm,,degC,hydrometric,yes,https://afdj.ro/ro/tabel_cotele_dunarii/xml,https://afdj.ro/content/drencova,read from existing canonical station registry; audit did not modify it,,unknown,,no
ro,afdj_ro,96,89bd48d0-b491-4706-986d-d67ffc282f4e,Rast,Rast,Danube,738,43.8851672,23.2813472,,,,cm,,degC,hydrometric,yes,https://afdj.ro/ro/tabel_cotele_dunarii/xml,https://afdj.ro/content/rast,read from existing canonical station registry; audit did not modify it,,unknown,,no
ro,afdj_ro,97,a4976c0d-d21d-4bda-b6bc-c19c0edc6123,Calafat,Calafat,Danube,795,43.9942983,22.9337027,,,,cm,,degC,hydrometric,yes,https://afdj.ro/ro/tabel_cotele_dunarii/xml,https://afdj.ro/content/calafat,read from existing canonical station registry; audit did not modify it,danube:calafat,low,name overlap with a Romanian row republished by Hydroinfo; AFDJ has km/coordinates but the Hydroinfo row does not; human review required,yes
ro,afdj_ro,94,b5ab6a64-d495-4137-b6a3-4c98d96836c9,Corabia,Corabia,Danube,630,43.7747612,24.5015439,,,,cm,,degC,hydrometric,yes,https://afdj.ro/ro/tabel_cotele_dunarii/xml,https://afdj.ro/content/corabia,read from existing canonical station registry; audit did not modify it,danube:corabia,low,name overlap with a Romanian row republished by Hydroinfo; AFDJ has km/coordinates but the Hydroinfo row does not; human review required,yes
ro,afdj_ro,101,bbf5e3ee-6ed6-4b87-afee-d78643847aea,Orșova,Orsova,Danube,954,44.726128,22.392312975059,,,,cm,,degC,hydrometric,yes,https://afdj.ro/ro/tabel_cotele_dunarii/xml,https://afdj.ro/content/orsova,read from existing canonical station registry; audit did not modify it,danube:orsova,low,name overlap with a Romanian row republished by Hydroinfo; AFDJ has km/coordinates but the Hydroinfo row does not; human review required,yes
ro,afdj_ro,85,c726848a-12e0-4961-be36-8a8d29ce9106,Galați,Galati,Danube,150,45.4338215,28.0549395,,,,cm,,degC,hydrometric,yes,https://afdj.ro/ro/tabel_cotele_dunarii/xml,https://afdj.ro/content/galati,read from existing canonical station registry; audit did not modify it,,unknown,,no
ro,afdj_ro,86,cc4f13d6-eccf-48bf-a3b2-2ed3b60e1f63,Brăila,Braila,Danube,170,45.2716092,27.9742932,,,,cm,,degC,hydrometric,yes,https://afdj.ro/ro/tabel_cotele_dunarii/xml,https://afdj.ro/content/braila,read from existing canonical station registry; audit did not modify it,danube:braila,low,name overlap with a Romanian row republished by Hydroinfo; AFDJ has km/coordinates but the Hydroinfo row does not; human review required,yes
ro,afdj_ro,91,e3a30b68-5b3e-42d0-b6e7-82411594d811,Giurgiu,Giurgiu,Danube,493,43.8959058,25.9658111,,,,cm,,degC,hydrometric,yes,https://afdj.ro/ro/tabel_cotele_dunarii/xml,https://afdj.ro/content/giurgiu,read from existing canonical station registry; audit did not modify it,,unknown,,no
ro,afdj_ro,90,e5eea969-9ccd-4b3e-9aa5-439c8f0d1ff0,Oltenița,Oltenita,Danube,430,44.0904556,26.6407009,,,,cm,,degC,hydrometric,yes,https://afdj.ro/ro/tabel_cotele_dunarii/xml,https://afdj.ro/content/oltenita,read from existing canonical station registry; audit did not modify it,danube:oltenita,low,name overlap with a Romanian row republished by Hydroinfo; AFDJ has km/coordinates but the Hydroinfo row does not; human review required,yes
ro,afdj_ro,5243,ec11d8f6-34c5-4d2d-afc2-4171b759c56a,Tulcea,Tulcea,Danube,71,45.177518,28.8016348,,,,cm,,degC,hydrometric,yes,https://afdj.ro/ro/tabel_cotele_dunarii/xml,https://afdj.ro,read from existing canonical station registry; audit did not modify it,danube:tulcea,low,name overlap with a Romanian row republished by Hydroinfo; AFDJ has km/coordinates but the Hydroinfo row does not; human review required,yes
ro,afdj_ro,92,fda97819-adbe-448c-bb6b-85e4aea435af,Zimnicea,Zimnicea,Danube,554,43.6542344,25.3655464,,,,cm,,degC,hydrometric,yes,https://afdj.ro/ro/tabel_cotele_dunarii/xml,https://afdj.ro/content/zimnicea,read from existing canonical station registry; audit did not modify it,danube:zimnicea,low,name overlap with a Romanian row republished by Hydroinfo; AFDJ has km/coordinates but the Hydroinfo row does not; human review required,yes
bg,appd_bg,,,Novo Selo,Novo Selo,Danube,833.60,,,,,,cm,m3/s,degC,hydrometeorological_main,yes,https://www.appd-bg.org/hidrology-en,https://www.appd-bg.org/hidrology-en,Official current main table; no institutional station ID. Audit identity: provider + station_type + exact name + river_km. No automatic deduplication.,,unknown,,no
bg,appd_bg,,,Vidin,Vidin,Danube,790.30,,,,,,cm,m3/s,degC,hydrometeorological_main,yes,https://www.appd-bg.org/hidrology-en,https://www.appd-bg.org/hidrology-en,Official current main table; no institutional station ID. Audit identity: provider + station_type + exact name + river_km. No automatic deduplication.,,unknown,,no
bg,appd_bg,,,Lom,Lom,Danube,743.30,,,,,,cm,m3/s,degC,hydrometeorological_main,yes,https://www.appd-bg.org/hidrology-en,https://www.appd-bg.org/hidrology-en,Official current main table; no institutional station ID. Audit identity: provider + station_type + exact name + river_km. No automatic deduplication.,,unknown,,no
bg,appd_bg,,,Oryahovo,Oryahovo,Danube,678.00,,,,,,cm,m3/s,degC,hydrometeorological_main,yes,https://www.appd-bg.org/hidrology-en,https://www.appd-bg.org/hidrology-en,Official current main table; no institutional station ID. Audit identity: provider + station_type + exact name + river_km. No automatic deduplication.,,unknown,,no
bg,appd_bg,,,Nikopol,Nikopol,Danube,597.50,,,,,,cm,m3/s,degC,hydrometeorological_main,yes,https://www.appd-bg.org/hidrology-en,https://www.appd-bg.org/hidrology-en,Official current main table; no institutional station ID. Audit identity: provider + station_type + exact name + river_km. No automatic deduplication.,,unknown,,no
bg,appd_bg,,,Svishtov,Svishtov,Danube,554.30,,,,,,cm,m3/s,degC,hydrometeorological_main,yes,https://www.appd-bg.org/hidrology-en,https://www.appd-bg.org/hidrology-en,Official current main table; no institutional station ID. Audit identity: provider + station_type + exact name + river_km. No automatic deduplication.,,unknown,,no
bg,appd_bg,,,Ruse,Ruse,Danube,495.60,,,,,,cm,m3/s,degC,hydrometeorological_main,yes,https://www.appd-bg.org/hidrology-en,https://www.appd-bg.org/hidrology-en,Official current main table; no institutional station ID. Audit identity: provider + station_type + exact name + river_km. No automatic deduplication.,,unknown,,no
bg,appd_bg,,,Silistra,Silistra,Danube,375.50,,,,,,cm,m3/s,degC,hydrometeorological_main,yes,https://www.appd-bg.org/hidrology-en,https://www.appd-bg.org/hidrology-en,Official current main table; no institutional station ID. Audit identity: provider + station_type + exact name + river_km. No automatic deduplication.,,unknown,,no
bg,appd_bg,,,Novo Selo,Novo Selo,Danube,833.60,,,,,,cm,,degC,automated,yes,https://www.appd-bg.org/hidrology-en,https://www.appd-bg.org/hidrology-en,Official automated table; no institutional station ID. Variation is categorical down/no_change/up from image filename. No automatic deduplication.,,unknown,,no
bg,appd_bg,,,Gomotartsi,Gomotartsi,Danube,819.00,,,,,,cm,,degC,automated,yes,https://www.appd-bg.org/hidrology-en,https://www.appd-bg.org/hidrology-en,Official automated table; no institutional station ID. Variation is categorical down/no_change/up from image filename. No automatic deduplication.,,unknown,,no
bg,appd_bg,,,Lom,Lom,Danube,743.30,,,,,,cm,,degC,automated,yes,https://www.appd-bg.org/hidrology-en,https://www.appd-bg.org/hidrology-en,Official automated table; no institutional station ID. Variation is categorical down/no_change/up from image filename. No automatic deduplication.,,unknown,,no
bg,appd_bg,,,Kozloduj,Kozloduj,Danube,703.90,,,,,,cm,,degC,automated,yes,https://www.appd-bg.org/hidrology-en,https://www.appd-bg.org/hidrology-en,Official automated table; no institutional station ID. Variation is categorical down/no_change/up from image filename. No automatic deduplication.,,unknown,,no
bg,appd_bg,,,Oryahovo,Oryahovo,Danube,678.00,,,,,,cm,,degC,automated,yes,https://www.appd-bg.org/hidrology-en,https://www.appd-bg.org/hidrology-en,Official automated table; no institutional station ID. Variation is categorical down/no_change/up from image filename. No automatic deduplication.,,unknown,,no
bg,appd_bg,,,Bajkal,Bajkal,Danube,640.80,,,,,,cm,,degC,automated,yes,https://www.appd-bg.org/hidrology-en,https://www.appd-bg.org/hidrology-en,Official automated table; no institutional station ID. Variation is categorical down/no_change/up from image filename. No automatic deduplication.,,unknown,,no
bg,appd_bg,,,Nikopol,Nikopol,Danube,597.50,,,,,,cm,,degC,automated,yes,https://www.appd-bg.org/hidrology-en,https://www.appd-bg.org/hidrology-en,Official automated table; no institutional station ID. Variation is categorical down/no_change/up from image filename. No automatic deduplication.,,unknown,,no
bg,appd_bg,,,Svishtov,Svishtov,Danube,554.30,,,,,,cm,,degC,automated,yes,https://www.appd-bg.org/hidrology-en,https://www.appd-bg.org/hidrology-en,Official automated table; no institutional station ID. Variation is categorical down/no_change/up from image filename. No automatic deduplication.,,unknown,,no
bg,appd_bg,,,Ruse,Ruse,Danube,495.60,,,,,,cm,,degC,automated,yes,https://www.appd-bg.org/hidrology-en,https://www.appd-bg.org/hidrology-en,Official automated table; no institutional station ID. Variation is categorical down/no_change/up from image filename. No automatic deduplication.,,unknown,,no
bg,appd_bg,,,Ryahovo,Ryahovo,Danube,465.40,,,,,,cm,,degC,automated,yes,https://www.appd-bg.org/hidrology-en,https://www.appd-bg.org/hidrology-en,Official automated table; no institutional station ID. Variation is categorical down/no_change/up from image filename. No automatic deduplication.,,unknown,,no
bg,appd_bg,,,Malak Preslavets,Malak Preslavets,Danube,413.90,,,,,,cm,,degC,automated,yes,https://www.appd-bg.org/hidrology-en,https://www.appd-bg.org/hidrology-en,Official automated table; no institutional station ID. Variation is categorical down/no_change/up from image filename. No automatic deduplication.,,unknown,,no
bg,appd_bg,,,Силистра,Silistra,Danube,375.50,,,,,,cm,,degC,automated,yes,https://www.appd-bg.org/hidrology-en,https://www.appd-bg.org/hidrology-en,Official automated table; no institutional station ID. Variation is categorical down/no_change/up from image filename. No automatic deduplication.,,unknown,,no
bg,appd_bg,,,Novo Selo,Novo Selo,Danube,833.60,,,,,,document-specific; verify PDF,m3/s,degC,historical_document_index,unknown,https://www.appd-bg.org/pages-en?id=opendata,https://www.appd-bg.org/pages-en?id=opendata,Official historical PDF index; no institutional station ID. Retained separately from current tables.,,unknown,,no
bg,appd_bg,,,Lom,Lom,Danube,743.30,,,,,,document-specific; verify PDF,m3/s,degC,historical_document_index,unknown,https://www.appd-bg.org/pages-en?id=opendata,https://www.appd-bg.org/pages-en?id=opendata,Official historical PDF index; no institutional station ID. Retained separately from current tables.,,unknown,,no
bg,appd_bg,,,Oryahovo,Oryahovo,Danube,678.00,,,,,,document-specific; verify PDF,m3/s,degC,historical_document_index,unknown,https://www.appd-bg.org/pages-en?id=opendata,https://www.appd-bg.org/pages-en?id=opendata,Official historical PDF index; no institutional station ID. Retained separately from current tables.,,unknown,,no
bg,appd_bg,,,Svishtov,Svishtov,Danube,554.30,,,,,,document-specific; verify PDF,m3/s,degC,historical_document_index,unknown,https://www.appd-bg.org/pages-en?id=opendata,https://www.appd-bg.org/pages-en?id=opendata,Official historical PDF index; no institutional station ID. Retained separately from current tables.,,unknown,,no
bg,appd_bg,,,Ruse,Ruse,Danube,495.60,,,,,,document-specific; verify PDF,m3/s,degC,historical_document_index,unknown,https://www.appd-bg.org/pages-en?id=opendata,https://www.appd-bg.org/pages-en?id=opendata,Official historical PDF index; no institutional station ID. Retained separately from current tables.,,unknown,,no
bg,appd_bg,,,Silistra,Silistra,Danube,375.50,,,,,,document-specific; verify PDF,m3/s,degC,historical_document_index,unknown,https://www.appd-bg.org/pages-en?id=opendata,https://www.appd-bg.org/pages-en?id=opendata,Official historical PDF index; no institutional station ID. Retained separately from current tables.,,unknown,,no
