station_id,country_code,station_name,station_name_local,geocoding_query,latitude,longitude,coordinate_method,coordinate_source,coordinate_provider,geocoder_result_label,geocoder_result_type,coordinate_confidence,review_status,review_notes,geocoded_at,source_url
bg-bajkal-automatic,BG,Bajkal,Bajkal,"Bajkal, Bulgaria",43.7086971,24.4227581,geocoded_locality,OpenStreetMap locality result via Nominatim,OpenStreetMap Nominatim,"Baikal, Dolna Mitropolia, Pleven, Bulgaria",village,low,required,name_match=0.833; country and conservative Danube-sector checks passed,2026-08-04T18:43:50Z,https://nominatim.openstreetmap.org/search?q=Bajkal%2C+Bulgaria&countrycodes=bg&format=jsonv2&addressdetails=1&namedetails=1&limit=5&dedupe=1&accept-language=en
bg-gomotartsi-automatic,BG,Gomotartsi,Gomotartsi,"Gomotartsi, Bulgaria",44.0912358,22.9679382,geocoded_locality,OpenStreetMap locality result via Nominatim,OpenStreetMap Nominatim,"Gomotartsi, Vidin, 3772, Bulgaria",village,medium,accepted,name_match=1.000; country and conservative Danube-sector checks passed,2026-08-04T18:43:52Z,https://nominatim.openstreetmap.org/search?q=Gomotartsi%2C+Bulgaria&countrycodes=bg&format=jsonv2&addressdetails=1&namedetails=1&limit=5&dedupe=1&accept-language=en
bg-kozloduj-automatic,BG,Kozloduj,Kozloduj,"Kozloduy, Bulgaria",43.7750934,23.7293313,geocoded_locality,OpenStreetMap locality result via Nominatim,OpenStreetMap Nominatim,"Kozloduy, Kozlodui, Vratsa, 3320, Bulgaria",town,medium,accepted,name_match=1.000; country and conservative Danube-sector checks passed,2026-08-04T18:47:57Z,https://nominatim.openstreetmap.org/search?q=Kozloduy%2C+Bulgaria&countrycodes=bg&format=jsonv2&addressdetails=1&namedetails=1&limit=5&dedupe=1&accept-language=en
bg-lom-automatic,BG,Lom,Lom,"Lom, Bulgaria",43.8201697,23.2386638,geocoded_locality,OpenStreetMap locality result via Nominatim,OpenStreetMap Nominatim,"Lom, Montana, 3600, Bulgaria",town,medium,accepted,name_match=1.000; country and conservative Danube-sector checks passed,2026-08-04T18:43:55Z,https://nominatim.openstreetmap.org/search?q=Lom%2C+Bulgaria&countrycodes=bg&format=jsonv2&addressdetails=1&namedetails=1&limit=5&dedupe=1&accept-language=en
bg-lom-manual,BG,Lom,Lom,"Lom, Bulgaria",43.8201697,23.2386638,geocoded_locality,OpenStreetMap locality result via Nominatim,OpenStreetMap Nominatim,"Lom, Montana, 3600, Bulgaria",town,medium,accepted,name_match=1.000; country and conservative Danube-sector checks passed,2026-08-04T18:43:55Z,https://nominatim.openstreetmap.org/search?q=Lom%2C+Bulgaria&countrycodes=bg&format=jsonv2&addressdetails=1&namedetails=1&limit=5&dedupe=1&accept-language=en
bg-malak-preslavets-automatic,BG,Malak Preslavets,Malak Preslavets,"Malak Preslavets, Bulgaria",44.06541,26.8449,geocoded_locality,OpenStreetMap locality result via Nominatim,OpenStreetMap Nominatim,"Malak Preslavets, Glavinitsa, Silistra, 7620, Bulgaria",village,medium,accepted,name_match=1.000; country and conservative Danube-sector checks passed,2026-08-04T18:43:57Z,https://nominatim.openstreetmap.org/search?q=Malak+Preslavets%2C+Bulgaria&countrycodes=bg&format=jsonv2&addressdetails=1&namedetails=1&limit=5&dedupe=1&accept-language=en
bg-nikopol-automatic,BG,Nikopol,Nikopol,"Nikopol, Bulgaria",43.7070803,24.8996563,geocoded_locality,OpenStreetMap locality result via Nominatim,OpenStreetMap Nominatim,"Nikopol, Pleven, 5940, Bulgaria",town,medium,accepted,name_match=1.000; country and conservative Danube-sector checks passed,2026-08-04T18:43:58Z,https://nominatim.openstreetmap.org/search?q=Nikopol%2C+Bulgaria&countrycodes=bg&format=jsonv2&addressdetails=1&namedetails=1&limit=5&dedupe=1&accept-language=en
bg-nikopol-manual,BG,Nikopol,Nikopol,"Nikopol, Bulgaria",43.7070803,24.8996563,geocoded_locality,OpenStreetMap locality result via Nominatim,OpenStreetMap Nominatim,"Nikopol, Pleven, 5940, Bulgaria",town,medium,accepted,name_match=1.000; country and conservative Danube-sector checks passed,2026-08-04T18:43:58Z,https://nominatim.openstreetmap.org/search?q=Nikopol%2C+Bulgaria&countrycodes=bg&format=jsonv2&addressdetails=1&namedetails=1&limit=5&dedupe=1&accept-language=en
bg-novo-selo-automatic,BG,Novo Selo,Novo Selo,"Novo Selo, Vidin, Bulgaria",44.1621209,22.7839149,geocoded_locality,OpenStreetMap locality result via Nominatim,OpenStreetMap Nominatim,"Novo selo, Novo Selo, Vidin, 3784, Bulgaria",village,low,required,name_match=0.750; country and conservative Danube-sector checks passed,2026-08-04T18:47:59Z,https://nominatim.openstreetmap.org/search?q=Novo+Selo%2C+Vidin%2C+Bulgaria&countrycodes=bg&format=jsonv2&addressdetails=1&namedetails=1&limit=5&dedupe=1&accept-language=en
bg-novo-selo-manual,BG,Novo Selo,Novo Selo,"Novo Selo, Vidin, Bulgaria",44.1621209,22.7839149,geocoded_locality,OpenStreetMap locality result via Nominatim,OpenStreetMap Nominatim,"Novo selo, Novo Selo, Vidin, 3784, Bulgaria",village,low,required,name_match=0.750; country and conservative Danube-sector checks passed,2026-08-04T18:47:59Z,https://nominatim.openstreetmap.org/search?q=Novo+Selo%2C+Vidin%2C+Bulgaria&countrycodes=bg&format=jsonv2&addressdetails=1&namedetails=1&limit=5&dedupe=1&accept-language=en
bg-oryahovo-automatic,BG,Oryahovo,Oryahovo,"Oryahovo, Bulgaria",43.7346254,23.9591325,geocoded_locality,OpenStreetMap locality result via Nominatim,OpenStreetMap Nominatim,"Oryahovo, Vratsa, 3300, Bulgaria",town,medium,accepted,name_match=1.000; country and conservative Danube-sector checks passed,2026-08-04T18:44:01Z,https://nominatim.openstreetmap.org/search?q=Oryahovo%2C+Bulgaria&countrycodes=bg&format=jsonv2&addressdetails=1&namedetails=1&limit=5&dedupe=1&accept-language=en
bg-oryahovo-manual,BG,Oryahovo,Oryahovo,"Oryahovo, Bulgaria",43.7346254,23.9591325,geocoded_locality,OpenStreetMap locality result via Nominatim,OpenStreetMap Nominatim,"Oryahovo, Vratsa, 3300, Bulgaria",town,medium,accepted,name_match=1.000; country and conservative Danube-sector checks passed,2026-08-04T18:44:01Z,https://nominatim.openstreetmap.org/search?q=Oryahovo%2C+Bulgaria&countrycodes=bg&format=jsonv2&addressdetails=1&namedetails=1&limit=5&dedupe=1&accept-language=en
bg-ruse-automatic,BG,Ruse,Ruse,"Ruse, Bulgaria",43.8350657,25.9579915,geocoded_locality,OpenStreetMap locality result via Nominatim,OpenStreetMap Nominatim,"Ruse, Bulgaria",city,medium,accepted,name_match=1.000; country and conservative Danube-sector checks passed,2026-08-04T18:44:03Z,https://nominatim.openstreetmap.org/search?q=Ruse%2C+Bulgaria&countrycodes=bg&format=jsonv2&addressdetails=1&namedetails=1&limit=5&dedupe=1&accept-language=en
bg-ruse-manual,BG,Ruse,Ruse,"Ruse, Bulgaria",43.8350657,25.9579915,geocoded_locality,OpenStreetMap locality result via Nominatim,OpenStreetMap Nominatim,"Ruse, Bulgaria",city,medium,accepted,name_match=1.000; country and conservative Danube-sector checks passed,2026-08-04T18:44:03Z,https://nominatim.openstreetmap.org/search?q=Ruse%2C+Bulgaria&countrycodes=bg&format=jsonv2&addressdetails=1&namedetails=1&limit=5&dedupe=1&accept-language=en
bg-ryahovo-automatic,BG,Ryahovo,Ryahovo,"Ryahovo, Bulgaria",43.98705,26.23997,geocoded_locality,OpenStreetMap locality result via Nominatim,OpenStreetMap Nominatim,"Ryahovo, Slivo Pole, Ruse, 7070, Bulgaria",village,medium,accepted,name_match=1.000; country and conservative Danube-sector checks passed,2026-08-04T18:44:04Z,https://nominatim.openstreetmap.org/search?q=Ryahovo%2C+Bulgaria&countrycodes=bg&format=jsonv2&addressdetails=1&namedetails=1&limit=5&dedupe=1&accept-language=en
bg-silistra-automatic,BG,Silistra,Силистра,"Silistra, Bulgaria",44.118308,27.2600031,geocoded_locality,OpenStreetMap locality result via Nominatim,OpenStreetMap Nominatim,"Silistra, Bulgaria",city,medium,accepted,name_match=1.000; country and conservative Danube-sector checks passed,2026-08-04T18:44:07Z,https://nominatim.openstreetmap.org/search?q=Silistra%2C+Bulgaria&countrycodes=bg&format=jsonv2&addressdetails=1&namedetails=1&limit=5&dedupe=1&accept-language=en
bg-silistra-manual,BG,Silistra,Silistra,"Silistra, Bulgaria",44.118308,27.2600031,geocoded_locality,OpenStreetMap locality result via Nominatim,OpenStreetMap Nominatim,"Silistra, Bulgaria",city,medium,accepted,name_match=1.000; country and conservative Danube-sector checks passed,2026-08-04T18:44:07Z,https://nominatim.openstreetmap.org/search?q=Silistra%2C+Bulgaria&countrycodes=bg&format=jsonv2&addressdetails=1&namedetails=1&limit=5&dedupe=1&accept-language=en
bg-svishtov-automatic,BG,Svishtov,Svishtov,"Svishtov, Bulgaria",43.6158817,25.3509536,geocoded_locality,OpenStreetMap locality result via Nominatim,OpenStreetMap Nominatim,"Svishtov, Veliko Tarnovo, 5250, Bulgaria",town,medium,accepted,name_match=1.000; country and conservative Danube-sector checks passed,2026-08-04T18:44:09Z,https://nominatim.openstreetmap.org/search?q=Svishtov%2C+Bulgaria&countrycodes=bg&format=jsonv2&addressdetails=1&namedetails=1&limit=5&dedupe=1&accept-language=en
bg-svishtov-manual,BG,Svishtov,Svishtov,"Svishtov, Bulgaria",43.6158817,25.3509536,geocoded_locality,OpenStreetMap locality result via Nominatim,OpenStreetMap Nominatim,"Svishtov, Veliko Tarnovo, 5250, Bulgaria",town,medium,accepted,name_match=1.000; country and conservative Danube-sector checks passed,2026-08-04T18:44:09Z,https://nominatim.openstreetmap.org/search?q=Svishtov%2C+Bulgaria&countrycodes=bg&format=jsonv2&addressdetails=1&namedetails=1&limit=5&dedupe=1&accept-language=en
bg-vidin-manual,BG,Vidin,Vidin,"Vidin, Bulgaria",43.9857242,22.8772194,geocoded_locality,OpenStreetMap locality result via Nominatim,OpenStreetMap Nominatim,"Vidin, Bulgaria",city,medium,accepted,name_match=1.000; country and conservative Danube-sector checks passed,2026-08-04T18:44:10Z,https://nominatim.openstreetmap.org/search?q=Vidin%2C+Bulgaria&countrycodes=bg&format=jsonv2&addressdetails=1&namedetails=1&limit=5&dedupe=1&accept-language=en
de-560cf185-0052-4e40-832b-7792b52dd343,DE,KACHLET WEHR UP,KACHLET WEHR UP,"Kachlet, Passau, Germany",,,geocoded_locality,OpenStreetMap locality result via Nominatim,OpenStreetMap Nominatim,,,unresolved,required,"unresolved: insufficient_name_match,not_a_locality",2026-08-04T18:48:00Z,https://nominatim.openstreetmap.org/search?q=Kachlet%2C+Passau%2C+Germany&countrycodes=de&format=jsonv2&addressdetails=1&namedetails=1&limit=5&dedupe=1&accept-language=en
hr-5001,HR,Aljmas,Aljmaš,"Aljmaš, Croatia",45.5294464,18.9497264,geocoded_locality,OpenStreetMap locality result via Nominatim,OpenStreetMap Nominatim,"Aljmaš, Općina Erdut, Osijek-Baranja County, 31205, Croatia",village,medium,accepted,name_match=1.000; country and conservative Danube-sector checks passed,2026-08-04T18:44:13Z,https://nominatim.openstreetmap.org/search?q=Aljma%C5%A1%2C+Croatia&countrycodes=hr&format=jsonv2&addressdetails=1&namedetails=1&limit=5&dedupe=1&accept-language=en
hr-5170,HR,Batina,Batina,"Batina, Osijek-Baranja County, Croatia",,,geocoded_locality,OpenStreetMap locality result via Nominatim,OpenStreetMap Nominatim,,,unresolved,required,"unresolved: insufficient_name_match,not_a_locality",2026-08-04T18:48:01Z,https://nominatim.openstreetmap.org/search?q=Batina%2C+Osijek-Baranja+County%2C+Croatia&countrycodes=hr&format=jsonv2&addressdetails=1&namedetails=1&limit=5&dedupe=1&accept-language=en
hr-5070,HR,Vukovar,Vukovar,"Vukovar, Croatia",45.3444094,19.002376,geocoded_locality,OpenStreetMap locality result via Nominatim,OpenStreetMap Nominatim,"Vukovar, Vukovar-Srijem County, Croatia",town,medium,accepted,name_match=1.000; country and conservative Danube-sector checks passed,2026-08-04T18:44:16Z,https://nominatim.openstreetmap.org/search?q=Vukovar%2C+Croatia&countrycodes=hr&format=jsonv2&addressdetails=1&namedetails=1&limit=5&dedupe=1&accept-language=en
hu-442535,HU,Adony,Adony,"Adony, Hungary",47.1208993,18.8631074,geocoded_locality,OpenStreetMap locality result via Nominatim,OpenStreetMap Nominatim,"Adony, Dunaújvárosi járás, Fejér, Central Transdanubia, Transdanubia, 2457, Hungary",town,medium,accepted,name_match=1.000; country and conservative Danube-sector checks passed,2026-08-04T18:44:17Z,https://nominatim.openstreetmap.org/search?q=Adony%2C+Hungary&countrycodes=hu&format=jsonv2&addressdetails=1&namedetails=1&limit=5&dedupe=1&accept-language=en
hu-442031,HU,Baja,Baja,"Baja, Hungary",46.1785471,18.9517255,geocoded_locality,OpenStreetMap locality result via Nominatim,OpenStreetMap Nominatim,"Baja, Bajai járás, Bács-Kiskun, South Great Plain, Great Plain and North, Hungary",town,medium,accepted,name_match=1.000; country and conservative Danube-sector checks passed,2026-08-04T18:44:19Z,https://nominatim.openstreetmap.org/search?q=Baja%2C+Hungary&countrycodes=hu&format=jsonv2&addressdetails=1&namedetails=1&limit=5&dedupe=1&accept-language=en
hu-442533,HU,Budafok,Budafok,"Budafok, Hungary",47.4275301,19.0260778,geocoded_locality,OpenStreetMap locality result via Nominatim,OpenStreetMap Nominatim,"Budafok, 22nd district, Budapest, Central Hungary, Hungary",suburb,medium,accepted,name_match=1.000; country and conservative Danube-sector checks passed,2026-08-04T18:44:21Z,https://nominatim.openstreetmap.org/search?q=Budafok%2C+Hungary&countrycodes=hu&format=jsonv2&addressdetails=1&namedetails=1&limit=5&dedupe=1&accept-language=en
hu-442027,HU,Budapest,Budapest,"Budapest, Hungary",47.4978789,19.0402383,geocoded_locality,OpenStreetMap locality result via Nominatim,OpenStreetMap Nominatim,"Budapest, Central Hungary, Hungary",city,medium,accepted,name_match=1.000; country and conservative Danube-sector checks passed,2026-08-04T18:44:22Z,https://nominatim.openstreetmap.org/search?q=Budapest%2C+Hungary&countrycodes=hu&format=jsonv2&addressdetails=1&namedetails=1&limit=5&dedupe=1&accept-language=en
hu-442708,HU,Doborgaz,Doborgaz,"Doborgaz, Gyor-Moson-Sopron, Hungary",,,geocoded_locality,OpenStreetMap locality result via Nominatim,OpenStreetMap Nominatim,,,unresolved,required,"unresolved: insufficient_name_match,not_a_locality",2026-08-04T18:48:03Z,https://nominatim.openstreetmap.org/search?q=Doborgaz%2C+Gyor-Moson-Sopron%2C+Hungary&countrycodes=hu&format=jsonv2&addressdetails=1&namedetails=1&limit=5&dedupe=1&accept-language=en
hu-442540,HU,Dombori,Dombori,"Dombori, Hungary",46.4366964,18.8712337,geocoded_locality,OpenStreetMap locality result via Nominatim,OpenStreetMap Nominatim,"Dombori, Fadd, Tolnai járás, Tolna, Southern Transdanubia, Transdanubia, 7133, Hungary",hamlet,medium,accepted,name_match=1.000; country and conservative Danube-sector checks passed,2026-08-04T18:44:25Z,https://nominatim.openstreetmap.org/search?q=Dombori%2C+Hungary&countrycodes=hu&format=jsonv2&addressdetails=1&namedetails=1&limit=5&dedupe=1&accept-language=en
hu-442029,HU,Dunafoldvar,Dunaföldvár,"Dunaföldvár, Hungary",46.810432,18.9222921,geocoded_locality,OpenStreetMap locality result via Nominatim,OpenStreetMap Nominatim,"Dunaföldvár, Paksi járás, Tolna, Southern Transdanubia, Transdanubia, 7020, Hungary",town,medium,accepted,name_match=1.000; country and conservative Danube-sector checks passed,2026-08-04T18:44:26Z,https://nominatim.openstreetmap.org/search?q=Dunaf%C3%B6ldv%C3%A1r%2C+Hungary&countrycodes=hu&format=jsonv2&addressdetails=1&namedetails=1&limit=5&dedupe=1&accept-language=en
hu-442021,HU,Dunaremete,Dunaremete,"Dunaremete, Hungary",47.8766438,17.437091,geocoded_locality,OpenStreetMap locality result via Nominatim,OpenStreetMap Nominatim,"Dunaremete, Mosonmagyaróvári járás, Győr-Moson-Sopron, Western Transdanubia, Transdanubia, Hungary",village,medium,accepted,name_match=1.000; country and conservative Danube-sector checks passed,2026-08-04T18:44:28Z,https://nominatim.openstreetmap.org/search?q=Dunaremete%2C+Hungary&countrycodes=hu&format=jsonv2&addressdetails=1&namedetails=1&limit=5&dedupe=1&accept-language=en
hu-442560,HU,Dunaszekcso,Dunaszekcső,"Dunaszekcső, Hungary",46.0849215,18.7597386,geocoded_locality,OpenStreetMap locality result via Nominatim,OpenStreetMap Nominatim,"Dunaszekcső, Mohácsi járás, Baranya, Southern Transdanubia, Transdanubia, 7712, Hungary",village,medium,accepted,name_match=1.000; country and conservative Danube-sector checks passed,2026-08-04T18:44:29Z,https://nominatim.openstreetmap.org/search?q=Dunaszekcs%C5%91%2C+Hungary&countrycodes=hu&format=jsonv2&addressdetails=1&namedetails=1&limit=5&dedupe=1&accept-language=en
hu-442028,HU,Dunaujvaros,Dunaújváros,"Dunaújváros, Hungary",46.9649048,18.9405047,geocoded_locality,OpenStreetMap locality result via Nominatim,OpenStreetMap Nominatim,"Dunaújváros, Dunaújvárosi járás, Fejér, Central Transdanubia, Transdanubia, 2400, Hungary",town,medium,accepted,name_match=1.000; country and conservative Danube-sector checks passed,2026-08-04T18:44:30Z,https://nominatim.openstreetmap.org/search?q=Duna%C3%BAjv%C3%A1ros%2C+Hungary&countrycodes=hu&format=jsonv2&addressdetails=1&namedetails=1&limit=5&dedupe=1&accept-language=en
hu-442534,HU,Ercsi,Ercsi,"Ercsi, Hungary",47.2519697,18.8983773,geocoded_locality,OpenStreetMap locality result via Nominatim,OpenStreetMap Nominatim,"Ercsi, Martonvásári járás, Fejér, Central Transdanubia, Transdanubia, Hungary",town,medium,accepted,name_match=1.000; country and conservative Danube-sector checks passed,2026-08-04T18:44:32Z,https://nominatim.openstreetmap.org/search?q=Ercsi%2C+Hungary&countrycodes=hu&format=jsonv2&addressdetails=1&namedetails=1&limit=5&dedupe=1&accept-language=en
hu-442025,HU,Esztergom,Esztergom,"Esztergom, Hungary",47.7856939,18.7403377,geocoded_locality,OpenStreetMap locality result via Nominatim,OpenStreetMap Nominatim,"Esztergom, Esztergomi járás, Komárom-Esztergom, Central Transdanubia, Transdanubia, Hungary",town,medium,accepted,name_match=1.000; country and conservative Danube-sector checks passed,2026-08-04T18:44:33Z,https://nominatim.openstreetmap.org/search?q=Esztergom%2C+Hungary&countrycodes=hu&format=jsonv2&addressdetails=1&namedetails=1&limit=5&dedupe=1&accept-language=en
hu-442643,HU,God,Göd,"Göd, Hungary",47.6834336,19.1341568,geocoded_locality,OpenStreetMap locality result via Nominatim,OpenStreetMap Nominatim,"Göd, Dunakeszi járás, Pest, Central Hungary, Hungary",town,medium,accepted,name_match=1.000; country and conservative Danube-sector checks passed,2026-08-04T18:44:35Z,https://nominatim.openstreetmap.org/search?q=G%C3%B6d%2C+Hungary&countrycodes=hu&format=jsonv2&addressdetails=1&namedetails=1&limit=5&dedupe=1&accept-language=en
hu-442521,HU,Gonyu,Gönyű,"Gönyű, Hungary",47.7331432,17.8279231,geocoded_locality,OpenStreetMap locality result via Nominatim,OpenStreetMap Nominatim,"Gönyű, Győri járás, Győr-Moson-Sopron, Western Transdanubia, Transdanubia, 9071, Hungary",village,medium,accepted,name_match=1.000; country and conservative Danube-sector checks passed,2026-08-04T18:44:36Z,https://nominatim.openstreetmap.org/search?q=G%C3%B6ny%C5%B1%2C+Hungary&countrycodes=hu&format=jsonv2&addressdetails=1&namedetails=1&limit=5&dedupe=1&accept-language=en
hu-442522,HU,Komarom,Komárom,"Komárom, Hungary",47.7417349,18.1218256,geocoded_locality,OpenStreetMap locality result via Nominatim,OpenStreetMap Nominatim,"Komárom, Komáromi járás, Komárom-Esztergom, Central Transdanubia, Transdanubia, Hungary",town,medium,accepted,name_match=1.000; country and conservative Danube-sector checks passed,2026-08-04T18:44:38Z,https://nominatim.openstreetmap.org/search?q=Kom%C3%A1rom%2C+Hungary&countrycodes=hu&format=jsonv2&addressdetails=1&namedetails=1&limit=5&dedupe=1&accept-language=en
hu-442532,HU,Kvassay zsilip,Kvassay zsilip,"Kvassay zsilip, Hungary",,,geocoded_locality,OpenStreetMap locality result via Nominatim,OpenStreetMap Nominatim,,,unresolved,required,"unresolved: insufficient_name_match,not_a_locality",2026-08-04T18:44:39Z,https://nominatim.openstreetmap.org/search?q=Kvassay+zsilip%2C+Hungary&countrycodes=hu&format=jsonv2&addressdetails=1&namedetails=1&limit=5&dedupe=1&accept-language=en
hu-442024,HU,Labatlan,Lábatlan,"Lábatlan, Hungary",47.7450853,18.5015732,geocoded_locality,OpenStreetMap locality result via Nominatim,OpenStreetMap Nominatim,"Lábatlan, Esztergomi járás, Komárom-Esztergom, Central Transdanubia, Transdanubia, 2541, Hungary",town,medium,accepted,name_match=1.000; country and conservative Danube-sector checks passed,2026-08-04T18:44:41Z,https://nominatim.openstreetmap.org/search?q=L%C3%A1batlan%2C+Hungary&countrycodes=hu&format=jsonv2&addressdetails=1&namedetails=1&limit=5&dedupe=1&accept-language=en
hu-442032,HU,Mohacs,Mohács,"Mohács, Hungary",45.9933836,18.6821079,geocoded_locality,OpenStreetMap locality result via Nominatim,OpenStreetMap Nominatim,"Mohács, Mohácsi járás, Baranya, Southern Transdanubia, Transdanubia, Hungary",town,medium,accepted,name_match=1.000; country and conservative Danube-sector checks passed,2026-08-04T18:44:42Z,https://nominatim.openstreetmap.org/search?q=Moh%C3%A1cs%2C+Hungary&countrycodes=hu&format=jsonv2&addressdetails=1&namedetails=1&limit=5&dedupe=1&accept-language=en
hu-442502,HU,Nagybajcs,Nagybajcs,"Nagybajcs, Hungary",47.7644567,17.6868931,geocoded_locality,OpenStreetMap locality result via Nominatim,OpenStreetMap Nominatim,"Nagybajcs, Győri járás, Győr-Moson-Sopron, Western Transdanubia, Transdanubia, 9063, Hungary",village,medium,accepted,name_match=1.000; country and conservative Danube-sector checks passed,2026-08-04T18:44:43Z,https://nominatim.openstreetmap.org/search?q=Nagybajcs%2C+Hungary&countrycodes=hu&format=jsonv2&addressdetails=1&namedetails=1&limit=5&dedupe=1&accept-language=en
hu-442527,HU,Nagymaros,Nagymaros,"Nagymaros, Hungary",47.7891142,18.9587262,geocoded_locality,OpenStreetMap locality result via Nominatim,OpenStreetMap Nominatim,"Nagymaros, Szobi járás, Pest, Central Hungary, 2626, Hungary",town,medium,accepted,name_match=1.000; country and conservative Danube-sector checks passed,2026-08-04T18:44:45Z,https://nominatim.openstreetmap.org/search?q=Nagymaros%2C+Hungary&countrycodes=hu&format=jsonv2&addressdetails=1&namedetails=1&limit=5&dedupe=1&accept-language=en
hu-442030,HU,Paks,Paks,"Paks, Hungary",46.6229468,18.8589364,geocoded_locality,OpenStreetMap locality result via Nominatim,OpenStreetMap Nominatim,"Paks, Paksi járás, Tolna, Southern Transdanubia, Transdanubia, Hungary",town,medium,accepted,name_match=1.000; country and conservative Danube-sector checks passed,2026-08-04T18:44:47Z,https://nominatim.openstreetmap.org/search?q=Paks%2C+Hungary&countrycodes=hu&format=jsonv2&addressdetails=1&namedetails=1&limit=5&dedupe=1&accept-language=en
hu-442020,HU,Rajka,Rajka,"Rajka, Hungary",47.997068,17.1960871,geocoded_locality,OpenStreetMap locality result via Nominatim,OpenStreetMap Nominatim,"Rajka, Mosonmagyaróvári járás, Győr-Moson-Sopron, Western Transdanubia, Transdanubia, 9224, Hungary",village,medium,accepted,name_match=1.000; country and conservative Danube-sector checks passed,2026-08-04T18:44:48Z,https://nominatim.openstreetmap.org/search?q=Rajka%2C+Hungary&countrycodes=hu&format=jsonv2&addressdetails=1&namedetails=1&limit=5&dedupe=1&accept-language=en
hu-442625,HU,Szob,Szob,"Szob, Hungary",47.8182921,18.8711331,geocoded_locality,OpenStreetMap locality result via Nominatim,OpenStreetMap Nominatim,"Szob, Szobi járás, Pest, Central Hungary, 2628, Hungary",town,medium,accepted,name_match=1.000; country and conservative Danube-sector checks passed,2026-08-04T18:44:50Z,https://nominatim.openstreetmap.org/search?q=Szob%2C+Hungary&countrycodes=hu&format=jsonv2&addressdetails=1&namedetails=1&limit=5&dedupe=1&accept-language=en
hu-442536,HU,Tass,Tass,"Tass, Hungary",47.0200511,19.0321758,geocoded_locality,OpenStreetMap locality result via Nominatim,OpenStreetMap Nominatim,"Tass, Kunszentmiklósi járás, Bács-Kiskun, South Great Plain, Great Plain and North, 6098, Hungary",village,medium,accepted,name_match=1.000; country and conservative Danube-sector checks passed,2026-08-04T18:44:51Z,https://nominatim.openstreetmap.org/search?q=Tass%2C+Hungary&countrycodes=hu&format=jsonv2&addressdetails=1&namedetails=1&limit=5&dedupe=1&accept-language=en
hu-442026,HU,Vac,Vác,"Vác, Hungary",47.7782873,19.1278294,geocoded_locality,OpenStreetMap locality result via Nominatim,OpenStreetMap Nominatim,"Vác, Váci járás, Pest, Central Hungary, 2600, Hungary",town,medium,accepted,name_match=1.000; country and conservative Danube-sector checks passed,2026-08-04T18:44:53Z,https://nominatim.openstreetmap.org/search?q=V%C3%A1c%2C+Hungary&countrycodes=hu&format=jsonv2&addressdetails=1&namedetails=1&limit=5&dedupe=1&accept-language=en
rs-42015,RS,Apatin,Apatin,"Apatin, Serbia",45.6712544,18.9817862,geocoded_locality,OpenStreetMap locality result via Nominatim,OpenStreetMap Nominatim,"Apatin, Apatin Municipality, West Backa Administrative District, Vojvodina, 25260, Serbia",town,medium,accepted,name_match=1.000; country and conservative Danube-sector checks passed,2026-08-04T18:44:54Z,https://nominatim.openstreetmap.org/search?q=Apatin%2C+Serbia&countrycodes=rs&format=jsonv2&addressdetails=1&namedetails=1&limit=5&dedupe=1&accept-language=en
rs-42030,RS,Backa Palanka,Bačka Palanka,"Bačka Palanka, Serbia",45.2501002,19.3829401,geocoded_locality,OpenStreetMap locality result via Nominatim,OpenStreetMap Nominatim,"Bačka Palanka, Backa Palanka Municipality, South Backa Administrative District, Vojvodina, 21400, Serbia",town,medium,accepted,name_match=1.000; country and conservative Danube-sector checks passed,2026-08-04T18:44:55Z,https://nominatim.openstreetmap.org/search?q=Ba%C4%8Dka+Palanka%2C+Serbia&countrycodes=rs&format=jsonv2&addressdetails=1&namedetails=1&limit=5&dedupe=1&accept-language=en
rs-42060,RS,Banatska Palanka,Banatska Palanka,"Banatska Palanka, Serbia",44.8444157,21.3321355,geocoded_locality,OpenStreetMap locality result via Nominatim,OpenStreetMap Nominatim,"Banatska Palanka, Bela Crkva Municipality, South Banat Administrative District, Vojvodina, Serbia",village,medium,accepted,name_match=1.000; country and conservative Danube-sector checks passed,2026-08-04T18:44:57Z,https://nominatim.openstreetmap.org/search?q=Banatska+Palanka%2C+Serbia&countrycodes=rs&format=jsonv2&addressdetails=1&namedetails=1&limit=5&dedupe=1&accept-language=en
rs-42010,RS,Bezdan,Bezdan,"Bezdan, Serbia",45.8493634,18.9240467,geocoded_locality,OpenStreetMap locality result via Nominatim,OpenStreetMap Nominatim,"Bezdan, City of Sombor, West Backa Administrative District, Vojvodina, 25270, Serbia",village,medium,accepted,name_match=1.000; country and conservative Danube-sector checks passed,2026-08-04T18:44:58Z,https://nominatim.openstreetmap.org/search?q=Bezdan%2C+Serbia&countrycodes=rs&format=jsonv2&addressdetails=1&namedetails=1&limit=5&dedupe=1&accept-language=en
rs-42020,RS,Bogojevo,Bogojevo,"Bogojevo, Serbia",45.5302367,19.1302139,geocoded_locality,OpenStreetMap locality result via Nominatim,OpenStreetMap Nominatim,"Bogojevo, Odzaci Municipality, West Backa Administrative District, Vojvodina, Serbia",village,medium,accepted,name_match=1.000; country and conservative Danube-sector checks passed,2026-08-04T18:45:00Z,https://nominatim.openstreetmap.org/search?q=Bogojevo%2C+Serbia&countrycodes=rs&format=jsonv2&addressdetails=1&namedetails=1&limit=5&dedupe=1&accept-language=en
rs-42070,RS,Golubac,Golubac,"Golubac, Serbia",44.6531108,21.6305205,geocoded_locality,OpenStreetMap locality result via Nominatim,OpenStreetMap Nominatim,"Golubac, Golubac Municipality, Branicevo Administrative District, Central Serbia, 12223, Serbia",village,medium,accepted,name_match=1.000; country and conservative Danube-sector checks passed,2026-08-04T18:45:01Z,https://nominatim.openstreetmap.org/search?q=Golubac%2C+Serbia&countrycodes=rs&format=jsonv2&addressdetails=1&namedetails=1&limit=5&dedupe=1&accept-language=en
rs-42035,RS,Novi Sad,Novi Sad,"Novi Sad, Serbia",45.2551338,19.8451756,geocoded_locality,OpenStreetMap locality result via Nominatim,OpenStreetMap Nominatim,"Novi Sad, City of Novi Sad, South Backa Administrative District, Vojvodina, Serbia",city,medium,accepted,name_match=1.000; country and conservative Danube-sector checks passed,2026-08-04T18:45:02Z,https://nominatim.openstreetmap.org/search?q=Novi+Sad%2C+Serbia&countrycodes=rs&format=jsonv2&addressdetails=1&namedetails=1&limit=5&dedupe=1&accept-language=en
rs-42050,RS,Pancevo,Pančevo,"Pančevo, Serbia",44.8705686,20.6399643,geocoded_locality,OpenStreetMap locality result via Nominatim,OpenStreetMap Nominatim,"Pančevo, City of Pančevo, South Banat Administrative District, Vojvodina, Serbia",city,medium,accepted,name_match=1.000; country and conservative Danube-sector checks passed,2026-08-04T18:45:04Z,https://nominatim.openstreetmap.org/search?q=Pan%C4%8Devo%2C+Serbia&countrycodes=rs&format=jsonv2&addressdetails=1&namedetails=1&limit=5&dedupe=1&accept-language=en
rs-42095,RS,Prahovo,Prahovo,"Prahovo, Serbia",44.2947674,22.5840091,geocoded_locality,OpenStreetMap locality result via Nominatim,OpenStreetMap Nominatim,"Prahovo, Negotin Municipality, Bor Administrative District, Central Serbia, Serbia",village,medium,accepted,name_match=1.000; country and conservative Danube-sector checks passed,2026-08-04T18:45:05Z,https://nominatim.openstreetmap.org/search?q=Prahovo%2C+Serbia&countrycodes=rs&format=jsonv2&addressdetails=1&namedetails=1&limit=5&dedupe=1&accept-language=en
rs-42040,RS,Slankamen,Slankamen,"Slankamen, Serbia",45.1414778,20.2585993,geocoded_locality,OpenStreetMap locality result via Nominatim,OpenStreetMap Nominatim,"Stari Slankamen, Indjija Municipality, Srem Administrative District, Vojvodina, Serbia",village,medium,accepted,name_match=0.900; country and conservative Danube-sector checks passed,2026-08-04T18:45:08Z,https://nominatim.openstreetmap.org/search?q=Slankamen%2C+Serbia&countrycodes=rs&format=jsonv2&addressdetails=1&namedetails=1&limit=5&dedupe=1&accept-language=en
rs-42055,RS,Smederevo,Smederevo,"Smederevo, Serbia",44.6651048,20.9271115,geocoded_locality,OpenStreetMap locality result via Nominatim,OpenStreetMap Nominatim,"Smederevo, City of Smederevo, Podunavlje Administrative District, Central Serbia, Serbia",city,medium,accepted,name_match=1.000; country and conservative Danube-sector checks passed,2026-08-04T18:45:09Z,https://nominatim.openstreetmap.org/search?q=Smederevo%2C+Serbia&countrycodes=rs&format=jsonv2&addressdetails=1&namedetails=1&limit=5&dedupe=1&accept-language=en
rs-42065,RS,Veliko Gradiste,Veliko Gradište,"Veliko Gradište, Serbia",44.7629166,21.5161946,geocoded_locality,OpenStreetMap locality result via Nominatim,OpenStreetMap Nominatim,"Veliko Gradiste, Veliko Gradiste Municipality, Branicevo Administrative District, Central Serbia, 12220, Serbia",town,medium,accepted,name_match=1.000; country and conservative Danube-sector checks passed,2026-08-04T18:45:11Z,https://nominatim.openstreetmap.org/search?q=Veliko+Gradi%C5%A1te%2C+Serbia&countrycodes=rs&format=jsonv2&addressdetails=1&namedetails=1&limit=5&dedupe=1&accept-language=en
rs-42045,RS,Zemun,Zemun,"Zemun, Serbia",44.8444,20.4123996,geocoded_locality,OpenStreetMap locality result via Nominatim,OpenStreetMap Nominatim,"Zemun, Zemun Urban Municipality, City of Belgrade, Central Serbia, Serbia",suburb,medium,accepted,name_match=1.000; country and conservative Danube-sector checks passed,2026-08-04T18:45:12Z,https://nominatim.openstreetmap.org/search?q=Zemun%2C+Serbia&countrycodes=rs&format=jsonv2&addressdetails=1&namedetails=1&limit=5&dedupe=1&accept-language=en
sk-5140,SK,Bratislava,Bratislava,"Bratislava, Slovakia",48.1516988,17.1093063,geocoded_locality,OpenStreetMap locality result via Nominatim,OpenStreetMap Nominatim,"Bratislava, Borinka, Region of Bratislava, 900 32, Slovakia",city,medium,accepted,name_match=1.000; country and conservative Danube-sector checks passed,2026-08-04T18:45:14Z,https://nominatim.openstreetmap.org/search?q=Bratislava%2C+Slovakia&countrycodes=sk&format=jsonv2&addressdetails=1&namedetails=1&limit=5&dedupe=1&accept-language=en
sk-5138,SK,Cunovo - horna hladina,Čunovo - horná hladina,"Čunovo, Slovakia",48.0266801,17.1962738,geocoded_locality,OpenStreetMap locality result via Nominatim,OpenStreetMap Nominatim,"Čunovo, District of Bratislava V, Bratislava, Region of Bratislava, 900 32, Slovakia",suburb,medium,accepted,name_match=1.000; country and conservative Danube-sector checks passed,2026-08-04T18:45:15Z,https://nominatim.openstreetmap.org/search?q=%C4%8Cunovo%2C+Slovakia&countrycodes=sk&format=jsonv2&addressdetails=1&namedetails=1&limit=5&dedupe=1&accept-language=en
sk-5127,SK,Devin,Devín,"Devín, Slovakia",48.1700918,16.9927628,geocoded_locality,OpenStreetMap locality result via Nominatim,OpenStreetMap Nominatim,"Devín, District of Bratislava IV, Bratislava, Borinka, Region of Bratislava, 900 32, Slovakia",suburb,medium,accepted,name_match=1.000; country and conservative Danube-sector checks passed,2026-08-04T18:45:17Z,https://nominatim.openstreetmap.org/search?q=Dev%C3%ADn%2C+Slovakia&countrycodes=sk&format=jsonv2&addressdetails=1&namedetails=1&limit=5&dedupe=1&accept-language=en
sk-5128,SK,Devin - lom,Devín - lom,"Devín - lom, Slovakia",,,geocoded_locality,OpenStreetMap locality result via Nominatim,OpenStreetMap Nominatim,,,unresolved,required,"unresolved: insufficient_name_match,not_a_locality",2026-08-04T18:45:18Z,https://nominatim.openstreetmap.org/search?q=Dev%C3%ADn+-+lom%2C+Slovakia&countrycodes=sk&format=jsonv2&addressdetails=1&namedetails=1&limit=5&dedupe=1&accept-language=en
sk-5153,SK,Dobrohost,Dobrohošť,"Dobrohošť, Slovakia",47.983335,17.3666631,geocoded_locality,OpenStreetMap locality result via Nominatim,OpenStreetMap Nominatim,"Dobrohošť, District of Dunajská Streda, Region of Trnava, Slovakia",municipality,medium,accepted,name_match=1.000; country and conservative Danube-sector checks passed,2026-08-04T18:45:20Z,https://nominatim.openstreetmap.org/search?q=Dobroho%C5%A1%C5%A5%2C+Slovakia&countrycodes=sk&format=jsonv2&addressdetails=1&namedetails=1&limit=5&dedupe=1&accept-language=en
sk-5143,SK,Gabcikovo,Gabčíkovo,"Gabčíkovo, Slovakia",47.8951059,17.5781248,geocoded_locality,OpenStreetMap locality result via Nominatim,OpenStreetMap Nominatim,"Gabčíkovo, District of Dunajská Streda, Region of Trnava, 930 05, Slovakia",town,medium,accepted,name_match=1.000; country and conservative Danube-sector checks passed,2026-08-04T18:45:21Z,https://nominatim.openstreetmap.org/search?q=Gab%C4%8D%C3%ADkovo%2C+Slovakia&countrycodes=sk&format=jsonv2&addressdetails=1&namedetails=1&limit=5&dedupe=1&accept-language=en
sk-5149,SK,Hamuliakovo,Hamuliakovo,"Hamuliakovo, Slovakia",48.0390749,17.252464,geocoded_locality,OpenStreetMap locality result via Nominatim,OpenStreetMap Nominatim,"Hamuliakovo, District of Senec, Region of Bratislava, Slovakia",village,medium,accepted,name_match=1.000; country and conservative Danube-sector checks passed,2026-08-04T18:45:22Z,https://nominatim.openstreetmap.org/search?q=Hamuliakovo%2C+Slovakia&countrycodes=sk&format=jsonv2&addressdetails=1&namedetails=1&limit=5&dedupe=1&accept-language=en
sk-6860,SK,Iza,Iža,"Iža, Slovakia",47.750348,18.2235858,geocoded_locality,OpenStreetMap locality result via Nominatim,OpenStreetMap Nominatim,"Iža, District of Komárno, Region of Nitra, 946 39, Slovakia",municipality,medium,accepted,name_match=1.000; country and conservative Danube-sector checks passed,2026-08-04T18:45:24Z,https://nominatim.openstreetmap.org/search?q=I%C5%BEa%2C+Slovakia&countrycodes=sk&format=jsonv2&addressdetails=1&namedetails=1&limit=5&dedupe=1&accept-language=en
sk-6849,SK,Komarno,Komárno,"Komárno, Slovakia",47.7574079,18.1298249,geocoded_locality,OpenStreetMap locality result via Nominatim,OpenStreetMap Nominatim,"Komárno, District of Komárno, Region of Nitra, Slovakia",town,medium,accepted,name_match=1.000; country and conservative Danube-sector checks passed,2026-08-04T18:45:26Z,https://nominatim.openstreetmap.org/search?q=Kom%C3%A1rno%2C+Slovakia&countrycodes=sk&format=jsonv2&addressdetails=1&namedetails=1&limit=5&dedupe=1&accept-language=en
sk-5145,SK,Medvedov,Medveďov,"Medveďov, Slovakia",47.8000105,17.6607602,geocoded_locality,OpenStreetMap locality result via Nominatim,OpenStreetMap Nominatim,"Medveďov, District of Dunajská Streda, Region of Trnava, 930 07, Slovakia",municipality,medium,accepted,name_match=1.000; country and conservative Danube-sector checks passed,2026-08-07T11:42:46Z,https://nominatim.openstreetmap.org/search?q=Medve%C4%8Fov%2C+Slovakia&countrycodes=sk&format=jsonv2&addressdetails=1&namedetails=1&limit=5&dedupe=1&accept-language=en
sk-6870,SK,Radvan n/Dunajom,Radvaň  n/Dunajom,"Radvan nad Dunajom, Slovakia",47.7472584,18.3733406,geocoded_locality,OpenStreetMap locality result via Nominatim,OpenStreetMap Nominatim,"Radvaň nad Dunajom, District of Komárno, Region of Nitra, Slovakia",municipality,medium,accepted,name_match=1.000; country and conservative Danube-sector checks passed,2026-08-04T18:48:05Z,https://nominatim.openstreetmap.org/search?q=Radvan+nad+Dunajom%2C+Slovakia&countrycodes=sk&format=jsonv2&addressdetails=1&namedetails=1&limit=5&dedupe=1&accept-language=en
sk-5141,SK,Rusovce,Rusovce,"Rusovce, Slovakia",48.048772,17.1521045,geocoded_locality,OpenStreetMap locality result via Nominatim,OpenStreetMap Nominatim,"Rusovce, District of Bratislava V, Bratislava, Region of Bratislava, 900 32, Slovakia",suburb,medium,accepted,name_match=1.000; country and conservative Danube-sector checks passed,2026-08-04T18:45:28Z,https://nominatim.openstreetmap.org/search?q=Rusovce%2C+Slovakia&countrycodes=sk&format=jsonv2&addressdetails=1&namedetails=1&limit=5&dedupe=1&accept-language=en
sk-6880,SK,Sturovo,Štúrovo,"Štúrovo, Slovakia",47.7978002,18.7158785,geocoded_locality,OpenStreetMap locality result via Nominatim,OpenStreetMap Nominatim,"Štúrovo, District of Nové Zámky, Region of Nitra, 943 01, Slovakia",town,medium,accepted,name_match=1.000; country and conservative Danube-sector checks passed,2026-08-04T18:45:30Z,https://nominatim.openstreetmap.org/search?q=%C5%A0t%C3%BArovo%2C+Slovakia&countrycodes=sk&format=jsonv2&addressdetails=1&namedetails=1&limit=5&dedupe=1&accept-language=en
sk-6830,SK,Zlatna na Ostrove,Zlatná na Ostrove,"Zlatná na Ostrove, Slovakia",47.769836,17.9740132,geocoded_locality,OpenStreetMap locality result via Nominatim,OpenStreetMap Nominatim,"Zlatná na Ostrove, District of Komárno, Region of Nitra, 946 12, Slovakia",municipality,medium,accepted,name_match=1.000; country and conservative Danube-sector checks passed,2026-08-04T18:45:31Z,https://nominatim.openstreetmap.org/search?q=Zlatn%C3%A1+na+Ostrove%2C+Slovakia&countrycodes=sk&format=jsonv2&addressdetails=1&namedetails=1&limit=5&dedupe=1&accept-language=en
