station_id,station_nid,forecast_issue_datetime,forecast_issue_date,target_datetime,target_date,lead_hours,forecast_level_raw,forecast_level_cm,forecast_available,availability_source,html_value_raw,xml_html_match,capture_datetime_utc,capture_datetime_local,forecast_run_hash,first_seen_at,last_seen_at,quality_flag
03013570-89c3-468d-929e-389aa605e929,95,2026-08-02T03:00:00+03:00,2026-08-02,2026-08-07T03:00:00+03:00,2026-08-07,120,-101,-101,True,xml_with_html_mismatch,-104,False,2026-08-03T14:01:46Z,2026-08-03T17:01:46+03:00,14d35a6906363826513894a2bd21a813e30bb646e7e199d86e496d793eea0b65,2026-08-03T14:01:46Z,2026-08-03T14:01:46Z,xml_html_value_mismatch
03013570-89c3-468d-929e-389aa605e929,95,2026-08-02T03:00:00+03:00,2026-08-02,2026-08-03T03:00:00+03:00,2026-08-03,24,-88,-88,True,xml_with_html_mismatch,-92,False,2026-08-03T14:01:46Z,2026-08-03T17:01:46+03:00,14d35a6906363826513894a2bd21a813e30bb646e7e199d86e496d793eea0b65,2026-08-03T14:01:46Z,2026-08-03T14:01:46Z,xml_html_value_mismatch
03013570-89c3-468d-929e-389aa605e929,95,2026-08-02T03:00:00+03:00,2026-08-02,2026-08-04T03:00:00+03:00,2026-08-04,48,-92,-92,True,xml_with_html_mismatch,-95,False,2026-08-03T14:01:46Z,2026-08-03T17:01:46+03:00,14d35a6906363826513894a2bd21a813e30bb646e7e199d86e496d793eea0b65,2026-08-03T14:01:46Z,2026-08-03T14:01:46Z,xml_html_value_mismatch
03013570-89c3-468d-929e-389aa605e929,95,2026-08-02T03:00:00+03:00,2026-08-02,2026-08-05T03:00:00+03:00,2026-08-05,72,-95,-95,True,xml_with_html_mismatch,-98,False,2026-08-03T14:01:46Z,2026-08-03T17:01:46+03:00,14d35a6906363826513894a2bd21a813e30bb646e7e199d86e496d793eea0b65,2026-08-03T14:01:46Z,2026-08-03T14:01:46Z,xml_html_value_mismatch
03013570-89c3-468d-929e-389aa605e929,95,2026-08-02T03:00:00+03:00,2026-08-02,2026-08-06T03:00:00+03:00,2026-08-06,96,-99,-99,True,xml_with_html_mismatch,-101,False,2026-08-03T14:01:46Z,2026-08-03T17:01:46+03:00,14d35a6906363826513894a2bd21a813e30bb646e7e199d86e496d793eea0b65,2026-08-03T14:01:46Z,2026-08-03T14:01:46Z,xml_html_value_mismatch
03013570-89c3-468d-929e-389aa605e929,95,2026-08-04T03:00:00+03:00,2026-08-04,2026-08-09T03:00:00+03:00,2026-08-09,120,-103,-103,True,xml_html_confirmed,-103,True,2026-08-04T12:07:23Z,2026-08-04T15:07:23+03:00,7f261110d20703ea444f162545e24274321a2b80f0c920d3587ba4e4a45094d9,2026-08-04T12:07:23Z,2026-08-04T12:07:23Z,valid
03013570-89c3-468d-929e-389aa605e929,95,2026-08-04T03:00:00+03:00,2026-08-04,2026-08-05T03:00:00+03:00,2026-08-05,24,-95,-95,True,xml_html_confirmed,-95,True,2026-08-04T12:07:23Z,2026-08-04T15:07:23+03:00,7f261110d20703ea444f162545e24274321a2b80f0c920d3587ba4e4a45094d9,2026-08-04T12:07:23Z,2026-08-04T12:07:23Z,valid
03013570-89c3-468d-929e-389aa605e929,95,2026-08-04T03:00:00+03:00,2026-08-04,2026-08-06T03:00:00+03:00,2026-08-06,48,-98,-98,True,xml_html_confirmed,-98,True,2026-08-04T12:07:23Z,2026-08-04T15:07:23+03:00,7f261110d20703ea444f162545e24274321a2b80f0c920d3587ba4e4a45094d9,2026-08-04T12:07:23Z,2026-08-04T12:07:23Z,valid
03013570-89c3-468d-929e-389aa605e929,95,2026-08-04T03:00:00+03:00,2026-08-04,2026-08-07T03:00:00+03:00,2026-08-07,72,-100,-100,True,xml_html_confirmed,-100,True,2026-08-04T12:07:23Z,2026-08-04T15:07:23+03:00,7f261110d20703ea444f162545e24274321a2b80f0c920d3587ba4e4a45094d9,2026-08-04T12:07:23Z,2026-08-04T12:07:23Z,valid
03013570-89c3-468d-929e-389aa605e929,95,2026-08-04T03:00:00+03:00,2026-08-04,2026-08-08T03:00:00+03:00,2026-08-08,96,-101,-101,True,xml_html_confirmed,-101,True,2026-08-04T12:07:23Z,2026-08-04T15:07:23+03:00,7f261110d20703ea444f162545e24274321a2b80f0c920d3587ba4e4a45094d9,2026-08-04T12:07:23Z,2026-08-04T12:07:23Z,valid
031cc7fd-3f5f-4d3f-8c42-01438e8dd69a,98,2026-08-02T03:00:00+03:00,2026-08-02,2026-08-07T03:00:00+03:00,2026-08-07,120,0,,False,html_blank_xml_zero,,,2026-08-03T14:01:46Z,2026-08-03T17:01:46+03:00,489d76e4c88b458a12d18266fa46dceac2733d31e2c47095c5eb3d3cd74746fc,2026-08-03T14:01:46Z,2026-08-03T14:01:46Z,missing_forecast_encoded_as_zero
031cc7fd-3f5f-4d3f-8c42-01438e8dd69a,98,2026-08-02T03:00:00+03:00,2026-08-02,2026-08-03T03:00:00+03:00,2026-08-03,24,0,,False,html_blank_xml_zero,,,2026-08-03T14:01:46Z,2026-08-03T17:01:46+03:00,489d76e4c88b458a12d18266fa46dceac2733d31e2c47095c5eb3d3cd74746fc,2026-08-03T14:01:46Z,2026-08-03T14:01:46Z,missing_forecast_encoded_as_zero
031cc7fd-3f5f-4d3f-8c42-01438e8dd69a,98,2026-08-02T03:00:00+03:00,2026-08-02,2026-08-04T03:00:00+03:00,2026-08-04,48,0,,False,html_blank_xml_zero,,,2026-08-03T14:01:46Z,2026-08-03T17:01:46+03:00,489d76e4c88b458a12d18266fa46dceac2733d31e2c47095c5eb3d3cd74746fc,2026-08-03T14:01:46Z,2026-08-03T14:01:46Z,missing_forecast_encoded_as_zero
031cc7fd-3f5f-4d3f-8c42-01438e8dd69a,98,2026-08-02T03:00:00+03:00,2026-08-02,2026-08-05T03:00:00+03:00,2026-08-05,72,0,,False,html_blank_xml_zero,,,2026-08-03T14:01:46Z,2026-08-03T17:01:46+03:00,489d76e4c88b458a12d18266fa46dceac2733d31e2c47095c5eb3d3cd74746fc,2026-08-03T14:01:46Z,2026-08-03T14:01:46Z,missing_forecast_encoded_as_zero
031cc7fd-3f5f-4d3f-8c42-01438e8dd69a,98,2026-08-02T03:00:00+03:00,2026-08-02,2026-08-06T03:00:00+03:00,2026-08-06,96,0,,False,html_blank_xml_zero,,,2026-08-03T14:01:46Z,2026-08-03T17:01:46+03:00,489d76e4c88b458a12d18266fa46dceac2733d31e2c47095c5eb3d3cd74746fc,2026-08-03T14:01:46Z,2026-08-03T14:01:46Z,missing_forecast_encoded_as_zero
031cc7fd-3f5f-4d3f-8c42-01438e8dd69a,98,2026-08-04T03:00:00+03:00,2026-08-04,2026-08-09T03:00:00+03:00,2026-08-09,120,0,,False,html_blank_xml_zero,,,2026-08-04T12:07:23Z,2026-08-04T15:07:23+03:00,88f68c3dd63659d33b9794f109f774ec4b44f5cc393ee550215cd727a92b1e94,2026-08-04T12:07:23Z,2026-08-04T12:07:23Z,missing_forecast_encoded_as_zero
031cc7fd-3f5f-4d3f-8c42-01438e8dd69a,98,2026-08-04T03:00:00+03:00,2026-08-04,2026-08-05T03:00:00+03:00,2026-08-05,24,0,,False,html_blank_xml_zero,,,2026-08-04T12:07:23Z,2026-08-04T15:07:23+03:00,88f68c3dd63659d33b9794f109f774ec4b44f5cc393ee550215cd727a92b1e94,2026-08-04T12:07:23Z,2026-08-04T12:07:23Z,missing_forecast_encoded_as_zero
031cc7fd-3f5f-4d3f-8c42-01438e8dd69a,98,2026-08-04T03:00:00+03:00,2026-08-04,2026-08-06T03:00:00+03:00,2026-08-06,48,0,,False,html_blank_xml_zero,,,2026-08-04T12:07:23Z,2026-08-04T15:07:23+03:00,88f68c3dd63659d33b9794f109f774ec4b44f5cc393ee550215cd727a92b1e94,2026-08-04T12:07:23Z,2026-08-04T12:07:23Z,missing_forecast_encoded_as_zero
031cc7fd-3f5f-4d3f-8c42-01438e8dd69a,98,2026-08-04T03:00:00+03:00,2026-08-04,2026-08-07T03:00:00+03:00,2026-08-07,72,0,,False,html_blank_xml_zero,,,2026-08-04T12:07:23Z,2026-08-04T15:07:23+03:00,88f68c3dd63659d33b9794f109f774ec4b44f5cc393ee550215cd727a92b1e94,2026-08-04T12:07:23Z,2026-08-04T12:07:23Z,missing_forecast_encoded_as_zero
031cc7fd-3f5f-4d3f-8c42-01438e8dd69a,98,2026-08-04T03:00:00+03:00,2026-08-04,2026-08-08T03:00:00+03:00,2026-08-08,96,0,,False,html_blank_xml_zero,,,2026-08-04T12:07:23Z,2026-08-04T15:07:23+03:00,88f68c3dd63659d33b9794f109f774ec4b44f5cc393ee550215cd727a92b1e94,2026-08-04T12:07:23Z,2026-08-04T12:07:23Z,missing_forecast_encoded_as_zero
09b542d8-41d7-4746-8d84-e081f76a8c37,99,2026-08-02T03:00:00+03:00,2026-08-02,2026-08-07T03:00:00+03:00,2026-08-07,120,-136,-136,True,xml_with_html_mismatch,-138,False,2026-08-03T14:01:46Z,2026-08-03T17:01:46+03:00,468b85a287e30cb51db5dc2a735e1ada570fa0d4843f052b0a59c9552c1dd360,2026-08-03T14:01:46Z,2026-08-03T14:01:46Z,xml_html_value_mismatch
09b542d8-41d7-4746-8d84-e081f76a8c37,99,2026-08-02T03:00:00+03:00,2026-08-02,2026-08-03T03:00:00+03:00,2026-08-03,24,-126,-126,True,xml_with_html_mismatch,-130,False,2026-08-03T14:01:46Z,2026-08-03T17:01:46+03:00,468b85a287e30cb51db5dc2a735e1ada570fa0d4843f052b0a59c9552c1dd360,2026-08-03T14:01:46Z,2026-08-03T14:01:46Z,xml_html_value_mismatch
09b542d8-41d7-4746-8d84-e081f76a8c37,99,2026-08-02T03:00:00+03:00,2026-08-02,2026-08-04T03:00:00+03:00,2026-08-04,48,-129,-129,True,xml_with_html_mismatch,-132,False,2026-08-03T14:01:46Z,2026-08-03T17:01:46+03:00,468b85a287e30cb51db5dc2a735e1ada570fa0d4843f052b0a59c9552c1dd360,2026-08-03T14:01:46Z,2026-08-03T14:01:46Z,xml_html_value_mismatch
09b542d8-41d7-4746-8d84-e081f76a8c37,99,2026-08-02T03:00:00+03:00,2026-08-02,2026-08-05T03:00:00+03:00,2026-08-05,72,-132,-132,True,xml_with_html_mismatch,-134,False,2026-08-03T14:01:46Z,2026-08-03T17:01:46+03:00,468b85a287e30cb51db5dc2a735e1ada570fa0d4843f052b0a59c9552c1dd360,2026-08-03T14:01:46Z,2026-08-03T14:01:46Z,xml_html_value_mismatch
09b542d8-41d7-4746-8d84-e081f76a8c37,99,2026-08-02T03:00:00+03:00,2026-08-02,2026-08-06T03:00:00+03:00,2026-08-06,96,-134,-134,True,xml_with_html_mismatch,-136,False,2026-08-03T14:01:46Z,2026-08-03T17:01:46+03:00,468b85a287e30cb51db5dc2a735e1ada570fa0d4843f052b0a59c9552c1dd360,2026-08-03T14:01:46Z,2026-08-03T14:01:46Z,xml_html_value_mismatch
09b542d8-41d7-4746-8d84-e081f76a8c37,99,2026-08-04T03:00:00+03:00,2026-08-04,2026-08-09T03:00:00+03:00,2026-08-09,120,-137,-137,True,xml_html_confirmed,-137,True,2026-08-04T12:07:23Z,2026-08-04T15:07:23+03:00,6ebd1b73946d8aaff7f39af5ceea48f686d15d8272ac50f037f77839915cb0cb,2026-08-04T12:07:23Z,2026-08-04T12:07:23Z,valid
09b542d8-41d7-4746-8d84-e081f76a8c37,99,2026-08-04T03:00:00+03:00,2026-08-04,2026-08-05T03:00:00+03:00,2026-08-05,24,-133,-133,True,xml_html_confirmed,-133,True,2026-08-04T12:07:23Z,2026-08-04T15:07:23+03:00,6ebd1b73946d8aaff7f39af5ceea48f686d15d8272ac50f037f77839915cb0cb,2026-08-04T12:07:23Z,2026-08-04T12:07:23Z,valid
09b542d8-41d7-4746-8d84-e081f76a8c37,99,2026-08-04T03:00:00+03:00,2026-08-04,2026-08-06T03:00:00+03:00,2026-08-06,48,-134,-134,True,xml_html_confirmed,-134,True,2026-08-04T12:07:23Z,2026-08-04T15:07:23+03:00,6ebd1b73946d8aaff7f39af5ceea48f686d15d8272ac50f037f77839915cb0cb,2026-08-04T12:07:23Z,2026-08-04T12:07:23Z,valid
09b542d8-41d7-4746-8d84-e081f76a8c37,99,2026-08-04T03:00:00+03:00,2026-08-04,2026-08-07T03:00:00+03:00,2026-08-07,72,-135,-135,True,xml_html_confirmed,-135,True,2026-08-04T12:07:23Z,2026-08-04T15:07:23+03:00,6ebd1b73946d8aaff7f39af5ceea48f686d15d8272ac50f037f77839915cb0cb,2026-08-04T12:07:23Z,2026-08-04T12:07:23Z,valid
09b542d8-41d7-4746-8d84-e081f76a8c37,99,2026-08-04T03:00:00+03:00,2026-08-04,2026-08-08T03:00:00+03:00,2026-08-08,96,-136,-136,True,xml_html_confirmed,-136,True,2026-08-04T12:07:23Z,2026-08-04T15:07:23+03:00,6ebd1b73946d8aaff7f39af5ceea48f686d15d8272ac50f037f77839915cb0cb,2026-08-04T12:07:23Z,2026-08-04T12:07:23Z,valid
1a87220f-e0ae-4cf3-b921-e1e5b73f5f75,104,2026-08-02T03:00:00+03:00,2026-08-02,2026-08-07T03:00:00+03:00,2026-08-07,120,0,,False,html_blank_xml_zero,,,2026-08-03T14:01:46Z,2026-08-03T17:01:46+03:00,0819f2697ec0fe355d1709d0a8063b666567870ce9312ae20ca8163c33af2a84,2026-08-03T14:01:46Z,2026-08-03T14:01:46Z,missing_forecast_encoded_as_zero
1a87220f-e0ae-4cf3-b921-e1e5b73f5f75,104,2026-08-02T03:00:00+03:00,2026-08-02,2026-08-03T03:00:00+03:00,2026-08-03,24,0,,False,html_blank_xml_zero,,,2026-08-03T14:01:46Z,2026-08-03T17:01:46+03:00,0819f2697ec0fe355d1709d0a8063b666567870ce9312ae20ca8163c33af2a84,2026-08-03T14:01:46Z,2026-08-03T14:01:46Z,missing_forecast_encoded_as_zero
1a87220f-e0ae-4cf3-b921-e1e5b73f5f75,104,2026-08-02T03:00:00+03:00,2026-08-02,2026-08-04T03:00:00+03:00,2026-08-04,48,0,,False,html_blank_xml_zero,,,2026-08-03T14:01:46Z,2026-08-03T17:01:46+03:00,0819f2697ec0fe355d1709d0a8063b666567870ce9312ae20ca8163c33af2a84,2026-08-03T14:01:46Z,2026-08-03T14:01:46Z,missing_forecast_encoded_as_zero
1a87220f-e0ae-4cf3-b921-e1e5b73f5f75,104,2026-08-02T03:00:00+03:00,2026-08-02,2026-08-05T03:00:00+03:00,2026-08-05,72,0,,False,html_blank_xml_zero,,,2026-08-03T14:01:46Z,2026-08-03T17:01:46+03:00,0819f2697ec0fe355d1709d0a8063b666567870ce9312ae20ca8163c33af2a84,2026-08-03T14:01:46Z,2026-08-03T14:01:46Z,missing_forecast_encoded_as_zero
1a87220f-e0ae-4cf3-b921-e1e5b73f5f75,104,2026-08-02T03:00:00+03:00,2026-08-02,2026-08-06T03:00:00+03:00,2026-08-06,96,0,,False,html_blank_xml_zero,,,2026-08-03T14:01:46Z,2026-08-03T17:01:46+03:00,0819f2697ec0fe355d1709d0a8063b666567870ce9312ae20ca8163c33af2a84,2026-08-03T14:01:46Z,2026-08-03T14:01:46Z,missing_forecast_encoded_as_zero
1a87220f-e0ae-4cf3-b921-e1e5b73f5f75,104,2026-08-04T03:00:00+03:00,2026-08-04,2026-08-09T03:00:00+03:00,2026-08-09,120,0,,False,html_blank_xml_zero,,,2026-08-04T12:07:23Z,2026-08-04T15:07:23+03:00,91185e78315635b47ceac5b52e2733b40a0cf7ca8903a27a3af8ef828ba56876,2026-08-04T12:07:23Z,2026-08-04T12:07:23Z,missing_forecast_encoded_as_zero
1a87220f-e0ae-4cf3-b921-e1e5b73f5f75,104,2026-08-04T03:00:00+03:00,2026-08-04,2026-08-05T03:00:00+03:00,2026-08-05,24,0,,False,html_blank_xml_zero,,,2026-08-04T12:07:23Z,2026-08-04T15:07:23+03:00,91185e78315635b47ceac5b52e2733b40a0cf7ca8903a27a3af8ef828ba56876,2026-08-04T12:07:23Z,2026-08-04T12:07:23Z,missing_forecast_encoded_as_zero
1a87220f-e0ae-4cf3-b921-e1e5b73f5f75,104,2026-08-04T03:00:00+03:00,2026-08-04,2026-08-06T03:00:00+03:00,2026-08-06,48,0,,False,html_blank_xml_zero,,,2026-08-04T12:07:23Z,2026-08-04T15:07:23+03:00,91185e78315635b47ceac5b52e2733b40a0cf7ca8903a27a3af8ef828ba56876,2026-08-04T12:07:23Z,2026-08-04T12:07:23Z,missing_forecast_encoded_as_zero
1a87220f-e0ae-4cf3-b921-e1e5b73f5f75,104,2026-08-04T03:00:00+03:00,2026-08-04,2026-08-07T03:00:00+03:00,2026-08-07,72,0,,False,html_blank_xml_zero,,,2026-08-04T12:07:23Z,2026-08-04T15:07:23+03:00,91185e78315635b47ceac5b52e2733b40a0cf7ca8903a27a3af8ef828ba56876,2026-08-04T12:07:23Z,2026-08-04T12:07:23Z,missing_forecast_encoded_as_zero
1a87220f-e0ae-4cf3-b921-e1e5b73f5f75,104,2026-08-04T03:00:00+03:00,2026-08-04,2026-08-08T03:00:00+03:00,2026-08-08,96,0,,False,html_blank_xml_zero,,,2026-08-04T12:07:23Z,2026-08-04T15:07:23+03:00,91185e78315635b47ceac5b52e2733b40a0cf7ca8903a27a3af8ef828ba56876,2026-08-04T12:07:23Z,2026-08-04T12:07:23Z,missing_forecast_encoded_as_zero
264afec2-a181-408b-979c-473e5eaf4940,103,2026-08-02T03:00:00+03:00,2026-08-02,2026-08-07T03:00:00+03:00,2026-08-07,120,0,,False,html_blank_xml_zero,,,2026-08-03T14:01:46Z,2026-08-03T17:01:46+03:00,9d060ebb60a4665e5ebd5633d7dc3a912d88716c4f0a1ab32b3ca22ec6484727,2026-08-03T14:01:46Z,2026-08-03T14:01:46Z,missing_forecast_encoded_as_zero
264afec2-a181-408b-979c-473e5eaf4940,103,2026-08-02T03:00:00+03:00,2026-08-02,2026-08-03T03:00:00+03:00,2026-08-03,24,0,,False,html_blank_xml_zero,,,2026-08-03T14:01:46Z,2026-08-03T17:01:46+03:00,9d060ebb60a4665e5ebd5633d7dc3a912d88716c4f0a1ab32b3ca22ec6484727,2026-08-03T14:01:46Z,2026-08-03T14:01:46Z,missing_forecast_encoded_as_zero
264afec2-a181-408b-979c-473e5eaf4940,103,2026-08-02T03:00:00+03:00,2026-08-02,2026-08-04T03:00:00+03:00,2026-08-04,48,0,,False,html_blank_xml_zero,,,2026-08-03T14:01:46Z,2026-08-03T17:01:46+03:00,9d060ebb60a4665e5ebd5633d7dc3a912d88716c4f0a1ab32b3ca22ec6484727,2026-08-03T14:01:46Z,2026-08-03T14:01:46Z,missing_forecast_encoded_as_zero
264afec2-a181-408b-979c-473e5eaf4940,103,2026-08-02T03:00:00+03:00,2026-08-02,2026-08-05T03:00:00+03:00,2026-08-05,72,0,,False,html_blank_xml_zero,,,2026-08-03T14:01:46Z,2026-08-03T17:01:46+03:00,9d060ebb60a4665e5ebd5633d7dc3a912d88716c4f0a1ab32b3ca22ec6484727,2026-08-03T14:01:46Z,2026-08-03T14:01:46Z,missing_forecast_encoded_as_zero
264afec2-a181-408b-979c-473e5eaf4940,103,2026-08-02T03:00:00+03:00,2026-08-02,2026-08-06T03:00:00+03:00,2026-08-06,96,0,,False,html_blank_xml_zero,,,2026-08-03T14:01:46Z,2026-08-03T17:01:46+03:00,9d060ebb60a4665e5ebd5633d7dc3a912d88716c4f0a1ab32b3ca22ec6484727,2026-08-03T14:01:46Z,2026-08-03T14:01:46Z,missing_forecast_encoded_as_zero
264afec2-a181-408b-979c-473e5eaf4940,103,2026-08-04T03:00:00+03:00,2026-08-04,2026-08-09T03:00:00+03:00,2026-08-09,120,0,,False,html_blank_xml_zero,,,2026-08-04T12:07:23Z,2026-08-04T15:07:23+03:00,72256923b2bec4cc386be515288fefeb17e6d557bdbe520555ca551b65a7b218,2026-08-04T12:07:23Z,2026-08-04T12:07:23Z,missing_forecast_encoded_as_zero
264afec2-a181-408b-979c-473e5eaf4940,103,2026-08-04T03:00:00+03:00,2026-08-04,2026-08-05T03:00:00+03:00,2026-08-05,24,0,,False,html_blank_xml_zero,,,2026-08-04T12:07:23Z,2026-08-04T15:07:23+03:00,72256923b2bec4cc386be515288fefeb17e6d557bdbe520555ca551b65a7b218,2026-08-04T12:07:23Z,2026-08-04T12:07:23Z,missing_forecast_encoded_as_zero
264afec2-a181-408b-979c-473e5eaf4940,103,2026-08-04T03:00:00+03:00,2026-08-04,2026-08-06T03:00:00+03:00,2026-08-06,48,0,,False,html_blank_xml_zero,,,2026-08-04T12:07:23Z,2026-08-04T15:07:23+03:00,72256923b2bec4cc386be515288fefeb17e6d557bdbe520555ca551b65a7b218,2026-08-04T12:07:23Z,2026-08-04T12:07:23Z,missing_forecast_encoded_as_zero
264afec2-a181-408b-979c-473e5eaf4940,103,2026-08-04T03:00:00+03:00,2026-08-04,2026-08-07T03:00:00+03:00,2026-08-07,72,0,,False,html_blank_xml_zero,,,2026-08-04T12:07:23Z,2026-08-04T15:07:23+03:00,72256923b2bec4cc386be515288fefeb17e6d557bdbe520555ca551b65a7b218,2026-08-04T12:07:23Z,2026-08-04T12:07:23Z,missing_forecast_encoded_as_zero
264afec2-a181-408b-979c-473e5eaf4940,103,2026-08-04T03:00:00+03:00,2026-08-04,2026-08-08T03:00:00+03:00,2026-08-08,96,0,,False,html_blank_xml_zero,,,2026-08-04T12:07:23Z,2026-08-04T15:07:23+03:00,72256923b2bec4cc386be515288fefeb17e6d557bdbe520555ca551b65a7b218,2026-08-04T12:07:23Z,2026-08-04T12:07:23Z,missing_forecast_encoded_as_zero
267d20a8-8a85-4d85-97e1-8aee686e9535,88,2026-08-02T03:00:00+03:00,2026-08-02,2026-08-07T03:00:00+03:00,2026-08-07,120,-227,-227,True,xml_with_html_mismatch,-228,False,2026-08-03T14:01:46Z,2026-08-03T17:01:46+03:00,707afb86835850187f757546058ac4094afa96b60243a9c34884457866831203,2026-08-03T14:01:46Z,2026-08-03T14:01:46Z,xml_html_value_mismatch
267d20a8-8a85-4d85-97e1-8aee686e9535,88,2026-08-02T03:00:00+03:00,2026-08-02,2026-08-03T03:00:00+03:00,2026-08-03,24,-218,-218,True,xml_with_html_mismatch,-216,False,2026-08-03T14:01:46Z,2026-08-03T17:01:46+03:00,707afb86835850187f757546058ac4094afa96b60243a9c34884457866831203,2026-08-03T14:01:46Z,2026-08-03T14:01:46Z,xml_html_value_mismatch
267d20a8-8a85-4d85-97e1-8aee686e9535,88,2026-08-02T03:00:00+03:00,2026-08-02,2026-08-04T03:00:00+03:00,2026-08-04,48,-220,-220,True,xml_with_html_mismatch,-219,False,2026-08-03T14:01:46Z,2026-08-03T17:01:46+03:00,707afb86835850187f757546058ac4094afa96b60243a9c34884457866831203,2026-08-03T14:01:46Z,2026-08-03T14:01:46Z,xml_html_value_mismatch
267d20a8-8a85-4d85-97e1-8aee686e9535,88,2026-08-02T03:00:00+03:00,2026-08-02,2026-08-05T03:00:00+03:00,2026-08-05,72,-222,-222,True,xml_html_confirmed,-222,True,2026-08-03T14:01:46Z,2026-08-03T17:01:46+03:00,707afb86835850187f757546058ac4094afa96b60243a9c34884457866831203,2026-08-03T14:01:46Z,2026-08-03T14:01:46Z,valid
267d20a8-8a85-4d85-97e1-8aee686e9535,88,2026-08-02T03:00:00+03:00,2026-08-02,2026-08-06T03:00:00+03:00,2026-08-06,96,-224,-224,True,xml_with_html_mismatch,-225,False,2026-08-03T14:01:46Z,2026-08-03T17:01:46+03:00,707afb86835850187f757546058ac4094afa96b60243a9c34884457866831203,2026-08-03T14:01:46Z,2026-08-03T14:01:46Z,xml_html_value_mismatch
267d20a8-8a85-4d85-97e1-8aee686e9535,88,2026-08-04T03:00:00+03:00,2026-08-04,2026-08-09T03:00:00+03:00,2026-08-09,120,-228,-228,True,xml_html_confirmed,-228,True,2026-08-04T12:07:23Z,2026-08-04T15:07:23+03:00,eeffc0a2568b9b0bf3c6b9735423d358231f2bb3af9613d317dbab8ec005e15e,2026-08-04T12:07:23Z,2026-08-04T12:07:23Z,valid
267d20a8-8a85-4d85-97e1-8aee686e9535,88,2026-08-04T03:00:00+03:00,2026-08-04,2026-08-05T03:00:00+03:00,2026-08-05,24,-217,-217,True,xml_html_confirmed,-217,True,2026-08-04T12:07:23Z,2026-08-04T15:07:23+03:00,eeffc0a2568b9b0bf3c6b9735423d358231f2bb3af9613d317dbab8ec005e15e,2026-08-04T12:07:23Z,2026-08-04T12:07:23Z,valid
267d20a8-8a85-4d85-97e1-8aee686e9535,88,2026-08-04T03:00:00+03:00,2026-08-04,2026-08-06T03:00:00+03:00,2026-08-06,48,-220,-220,True,xml_html_confirmed,-220,True,2026-08-04T12:07:23Z,2026-08-04T15:07:23+03:00,eeffc0a2568b9b0bf3c6b9735423d358231f2bb3af9613d317dbab8ec005e15e,2026-08-04T12:07:23Z,2026-08-04T12:07:23Z,valid
267d20a8-8a85-4d85-97e1-8aee686e9535,88,2026-08-04T03:00:00+03:00,2026-08-04,2026-08-07T03:00:00+03:00,2026-08-07,72,-223,-223,True,xml_html_confirmed,-223,True,2026-08-04T12:07:23Z,2026-08-04T15:07:23+03:00,eeffc0a2568b9b0bf3c6b9735423d358231f2bb3af9613d317dbab8ec005e15e,2026-08-04T12:07:23Z,2026-08-04T12:07:23Z,valid
267d20a8-8a85-4d85-97e1-8aee686e9535,88,2026-08-04T03:00:00+03:00,2026-08-04,2026-08-08T03:00:00+03:00,2026-08-08,96,-226,-226,True,xml_html_confirmed,-226,True,2026-08-04T12:07:23Z,2026-08-04T15:07:23+03:00,eeffc0a2568b9b0bf3c6b9735423d358231f2bb3af9613d317dbab8ec005e15e,2026-08-04T12:07:23Z,2026-08-04T12:07:23Z,valid
29f3d156-04e1-46bc-b699-bbea096e212f,89,2026-08-02T03:00:00+03:00,2026-08-02,2026-08-07T03:00:00+03:00,2026-08-07,120,-178,-178,True,xml_with_html_mismatch,-181,False,2026-08-03T14:01:46Z,2026-08-03T17:01:46+03:00,7caba5564565451a69848280bc695728f42774406d8108594986eb10d541a1fa,2026-08-03T14:01:46Z,2026-08-03T14:01:46Z,xml_html_value_mismatch
29f3d156-04e1-46bc-b699-bbea096e212f,89,2026-08-02T03:00:00+03:00,2026-08-02,2026-08-03T03:00:00+03:00,2026-08-03,24,-164,-164,True,xml_with_html_mismatch,-167,False,2026-08-03T14:01:46Z,2026-08-03T17:01:46+03:00,7caba5564565451a69848280bc695728f42774406d8108594986eb10d541a1fa,2026-08-03T14:01:46Z,2026-08-03T14:01:46Z,xml_html_value_mismatch
29f3d156-04e1-46bc-b699-bbea096e212f,89,2026-08-02T03:00:00+03:00,2026-08-02,2026-08-04T03:00:00+03:00,2026-08-04,48,-166,-166,True,xml_with_html_mismatch,-170,False,2026-08-03T14:01:46Z,2026-08-03T17:01:46+03:00,7caba5564565451a69848280bc695728f42774406d8108594986eb10d541a1fa,2026-08-03T14:01:46Z,2026-08-03T14:01:46Z,xml_html_value_mismatch
29f3d156-04e1-46bc-b699-bbea096e212f,89,2026-08-02T03:00:00+03:00,2026-08-02,2026-08-05T03:00:00+03:00,2026-08-05,72,-169,-169,True,xml_with_html_mismatch,-174,False,2026-08-03T14:01:46Z,2026-08-03T17:01:46+03:00,7caba5564565451a69848280bc695728f42774406d8108594986eb10d541a1fa,2026-08-03T14:01:46Z,2026-08-03T14:01:46Z,xml_html_value_mismatch
29f3d156-04e1-46bc-b699-bbea096e212f,89,2026-08-02T03:00:00+03:00,2026-08-02,2026-08-06T03:00:00+03:00,2026-08-06,96,-173,-173,True,xml_with_html_mismatch,-177,False,2026-08-03T14:01:46Z,2026-08-03T17:01:46+03:00,7caba5564565451a69848280bc695728f42774406d8108594986eb10d541a1fa,2026-08-03T14:01:46Z,2026-08-03T14:01:46Z,xml_html_value_mismatch
29f3d156-04e1-46bc-b699-bbea096e212f,89,2026-08-04T03:00:00+03:00,2026-08-04,2026-08-09T03:00:00+03:00,2026-08-09,120,-181,-181,True,xml_html_confirmed,-181,True,2026-08-04T12:07:23Z,2026-08-04T15:07:23+03:00,6d81e2aabbff34348144afdd9ff5322939965b07a40ae7ccfa971b622bb08773,2026-08-04T12:07:23Z,2026-08-04T12:07:23Z,valid
29f3d156-04e1-46bc-b699-bbea096e212f,89,2026-08-04T03:00:00+03:00,2026-08-04,2026-08-05T03:00:00+03:00,2026-08-05,24,-168,-168,True,xml_html_confirmed,-168,True,2026-08-04T12:07:23Z,2026-08-04T15:07:23+03:00,6d81e2aabbff34348144afdd9ff5322939965b07a40ae7ccfa971b622bb08773,2026-08-04T12:07:23Z,2026-08-04T12:07:23Z,valid
29f3d156-04e1-46bc-b699-bbea096e212f,89,2026-08-04T03:00:00+03:00,2026-08-04,2026-08-06T03:00:00+03:00,2026-08-06,48,-172,-172,True,xml_html_confirmed,-172,True,2026-08-04T12:07:23Z,2026-08-04T15:07:23+03:00,6d81e2aabbff34348144afdd9ff5322939965b07a40ae7ccfa971b622bb08773,2026-08-04T12:07:23Z,2026-08-04T12:07:23Z,valid
29f3d156-04e1-46bc-b699-bbea096e212f,89,2026-08-04T03:00:00+03:00,2026-08-04,2026-08-07T03:00:00+03:00,2026-08-07,72,-175,-175,True,xml_html_confirmed,-175,True,2026-08-04T12:07:23Z,2026-08-04T15:07:23+03:00,6d81e2aabbff34348144afdd9ff5322939965b07a40ae7ccfa971b622bb08773,2026-08-04T12:07:23Z,2026-08-04T12:07:23Z,valid
29f3d156-04e1-46bc-b699-bbea096e212f,89,2026-08-04T03:00:00+03:00,2026-08-04,2026-08-08T03:00:00+03:00,2026-08-08,96,-179,-179,True,xml_html_confirmed,-179,True,2026-08-04T12:07:23Z,2026-08-04T15:07:23+03:00,6d81e2aabbff34348144afdd9ff5322939965b07a40ae7ccfa971b622bb08773,2026-08-04T12:07:23Z,2026-08-04T12:07:23Z,valid
3d63f295-2216-491e-86ba-a0e19b6b5fa3,100,2026-08-02T03:00:00+03:00,2026-08-02,2026-08-07T03:00:00+03:00,2026-08-07,120,0,,False,html_blank_xml_zero,,,2026-08-03T14:01:46Z,2026-08-03T17:01:46+03:00,f6c2727e2006a7ae93929056956931b244301a62d0cf96f8e59bc6cb0ba86d02,2026-08-03T14:01:46Z,2026-08-03T14:01:46Z,missing_forecast_encoded_as_zero
3d63f295-2216-491e-86ba-a0e19b6b5fa3,100,2026-08-02T03:00:00+03:00,2026-08-02,2026-08-03T03:00:00+03:00,2026-08-03,24,0,,False,html_blank_xml_zero,,,2026-08-03T14:01:46Z,2026-08-03T17:01:46+03:00,f6c2727e2006a7ae93929056956931b244301a62d0cf96f8e59bc6cb0ba86d02,2026-08-03T14:01:46Z,2026-08-03T14:01:46Z,missing_forecast_encoded_as_zero
3d63f295-2216-491e-86ba-a0e19b6b5fa3,100,2026-08-02T03:00:00+03:00,2026-08-02,2026-08-04T03:00:00+03:00,2026-08-04,48,0,,False,html_blank_xml_zero,,,2026-08-03T14:01:46Z,2026-08-03T17:01:46+03:00,f6c2727e2006a7ae93929056956931b244301a62d0cf96f8e59bc6cb0ba86d02,2026-08-03T14:01:46Z,2026-08-03T14:01:46Z,missing_forecast_encoded_as_zero
3d63f295-2216-491e-86ba-a0e19b6b5fa3,100,2026-08-02T03:00:00+03:00,2026-08-02,2026-08-05T03:00:00+03:00,2026-08-05,72,0,,False,html_blank_xml_zero,,,2026-08-03T14:01:46Z,2026-08-03T17:01:46+03:00,f6c2727e2006a7ae93929056956931b244301a62d0cf96f8e59bc6cb0ba86d02,2026-08-03T14:01:46Z,2026-08-03T14:01:46Z,missing_forecast_encoded_as_zero
3d63f295-2216-491e-86ba-a0e19b6b5fa3,100,2026-08-02T03:00:00+03:00,2026-08-02,2026-08-06T03:00:00+03:00,2026-08-06,96,0,,False,html_blank_xml_zero,,,2026-08-03T14:01:46Z,2026-08-03T17:01:46+03:00,f6c2727e2006a7ae93929056956931b244301a62d0cf96f8e59bc6cb0ba86d02,2026-08-03T14:01:46Z,2026-08-03T14:01:46Z,missing_forecast_encoded_as_zero
3d63f295-2216-491e-86ba-a0e19b6b5fa3,100,2026-08-04T03:00:00+03:00,2026-08-04,2026-08-09T03:00:00+03:00,2026-08-09,120,0,,False,html_blank_xml_zero,,,2026-08-04T12:07:23Z,2026-08-04T15:07:23+03:00,1e2f2ee2739f2ba93012ca347804a0ed6c9bebfb9af53297223e55f77233a0bc,2026-08-04T12:07:23Z,2026-08-04T12:07:23Z,missing_forecast_encoded_as_zero
3d63f295-2216-491e-86ba-a0e19b6b5fa3,100,2026-08-04T03:00:00+03:00,2026-08-04,2026-08-05T03:00:00+03:00,2026-08-05,24,0,,False,html_blank_xml_zero,,,2026-08-04T12:07:23Z,2026-08-04T15:07:23+03:00,1e2f2ee2739f2ba93012ca347804a0ed6c9bebfb9af53297223e55f77233a0bc,2026-08-04T12:07:23Z,2026-08-04T12:07:23Z,missing_forecast_encoded_as_zero
3d63f295-2216-491e-86ba-a0e19b6b5fa3,100,2026-08-04T03:00:00+03:00,2026-08-04,2026-08-06T03:00:00+03:00,2026-08-06,48,0,,False,html_blank_xml_zero,,,2026-08-04T12:07:23Z,2026-08-04T15:07:23+03:00,1e2f2ee2739f2ba93012ca347804a0ed6c9bebfb9af53297223e55f77233a0bc,2026-08-04T12:07:23Z,2026-08-04T12:07:23Z,missing_forecast_encoded_as_zero
3d63f295-2216-491e-86ba-a0e19b6b5fa3,100,2026-08-04T03:00:00+03:00,2026-08-04,2026-08-07T03:00:00+03:00,2026-08-07,72,0,,False,html_blank_xml_zero,,,2026-08-04T12:07:23Z,2026-08-04T15:07:23+03:00,1e2f2ee2739f2ba93012ca347804a0ed6c9bebfb9af53297223e55f77233a0bc,2026-08-04T12:07:23Z,2026-08-04T12:07:23Z,missing_forecast_encoded_as_zero
3d63f295-2216-491e-86ba-a0e19b6b5fa3,100,2026-08-04T03:00:00+03:00,2026-08-04,2026-08-08T03:00:00+03:00,2026-08-08,96,0,,False,html_blank_xml_zero,,,2026-08-04T12:07:23Z,2026-08-04T15:07:23+03:00,1e2f2ee2739f2ba93012ca347804a0ed6c9bebfb9af53297223e55f77233a0bc,2026-08-04T12:07:23Z,2026-08-04T12:07:23Z,missing_forecast_encoded_as_zero
434d580b-1bc9-4210-aea9-3d263e8251fe,87,2026-08-02T03:00:00+03:00,2026-08-02,2026-08-07T03:00:00+03:00,2026-08-07,120,-118,-118,True,xml_with_html_mismatch,-119,False,2026-08-03T14:01:46Z,2026-08-03T17:01:46+03:00,1fe8720ddb767ad1357967a3208a16c2df5b24d479dbc989e99f80aba7881d65,2026-08-03T14:01:46Z,2026-08-03T14:01:46Z,xml_html_value_mismatch
434d580b-1bc9-4210-aea9-3d263e8251fe,87,2026-08-02T03:00:00+03:00,2026-08-02,2026-08-03T03:00:00+03:00,2026-08-03,24,-115,-115,True,xml_with_html_mismatch,-116,False,2026-08-03T14:01:46Z,2026-08-03T17:01:46+03:00,1fe8720ddb767ad1357967a3208a16c2df5b24d479dbc989e99f80aba7881d65,2026-08-03T14:01:46Z,2026-08-03T14:01:46Z,xml_html_value_mismatch
434d580b-1bc9-4210-aea9-3d263e8251fe,87,2026-08-02T03:00:00+03:00,2026-08-02,2026-08-04T03:00:00+03:00,2026-08-04,48,-115,-115,True,xml_with_html_mismatch,-116,False,2026-08-03T14:01:46Z,2026-08-03T17:01:46+03:00,1fe8720ddb767ad1357967a3208a16c2df5b24d479dbc989e99f80aba7881d65,2026-08-03T14:01:46Z,2026-08-03T14:01:46Z,xml_html_value_mismatch
434d580b-1bc9-4210-aea9-3d263e8251fe,87,2026-08-02T03:00:00+03:00,2026-08-02,2026-08-05T03:00:00+03:00,2026-08-05,72,-116,-116,True,xml_with_html_mismatch,-117,False,2026-08-03T14:01:46Z,2026-08-03T17:01:46+03:00,1fe8720ddb767ad1357967a3208a16c2df5b24d479dbc989e99f80aba7881d65,2026-08-03T14:01:46Z,2026-08-03T14:01:46Z,xml_html_value_mismatch
434d580b-1bc9-4210-aea9-3d263e8251fe,87,2026-08-02T03:00:00+03:00,2026-08-02,2026-08-06T03:00:00+03:00,2026-08-06,96,-117,-117,True,xml_with_html_mismatch,-118,False,2026-08-03T14:01:46Z,2026-08-03T17:01:46+03:00,1fe8720ddb767ad1357967a3208a16c2df5b24d479dbc989e99f80aba7881d65,2026-08-03T14:01:46Z,2026-08-03T14:01:46Z,xml_html_value_mismatch
434d580b-1bc9-4210-aea9-3d263e8251fe,87,2026-08-04T03:00:00+03:00,2026-08-04,2026-08-09T03:00:00+03:00,2026-08-09,120,-119,-119,True,xml_html_confirmed,-119,True,2026-08-04T12:07:23Z,2026-08-04T15:07:23+03:00,5adf8ce5f1520353d756e2f5ee62019a8d3cdae922c9709f7b01766112d89c90,2026-08-04T12:07:23Z,2026-08-04T12:07:23Z,valid
434d580b-1bc9-4210-aea9-3d263e8251fe,87,2026-08-04T03:00:00+03:00,2026-08-04,2026-08-05T03:00:00+03:00,2026-08-05,24,-116,-116,True,xml_html_confirmed,-116,True,2026-08-04T12:07:23Z,2026-08-04T15:07:23+03:00,5adf8ce5f1520353d756e2f5ee62019a8d3cdae922c9709f7b01766112d89c90,2026-08-04T12:07:23Z,2026-08-04T12:07:23Z,valid
434d580b-1bc9-4210-aea9-3d263e8251fe,87,2026-08-04T03:00:00+03:00,2026-08-04,2026-08-06T03:00:00+03:00,2026-08-06,48,-117,-117,True,xml_html_confirmed,-117,True,2026-08-04T12:07:23Z,2026-08-04T15:07:23+03:00,5adf8ce5f1520353d756e2f5ee62019a8d3cdae922c9709f7b01766112d89c90,2026-08-04T12:07:23Z,2026-08-04T12:07:23Z,valid
434d580b-1bc9-4210-aea9-3d263e8251fe,87,2026-08-04T03:00:00+03:00,2026-08-04,2026-08-07T03:00:00+03:00,2026-08-07,72,-117,-117,True,xml_html_confirmed,-117,True,2026-08-04T12:07:23Z,2026-08-04T15:07:23+03:00,5adf8ce5f1520353d756e2f5ee62019a8d3cdae922c9709f7b01766112d89c90,2026-08-04T12:07:23Z,2026-08-04T12:07:23Z,valid
434d580b-1bc9-4210-aea9-3d263e8251fe,87,2026-08-04T03:00:00+03:00,2026-08-04,2026-08-08T03:00:00+03:00,2026-08-08,96,-118,-118,True,xml_html_confirmed,-118,True,2026-08-04T12:07:23Z,2026-08-04T15:07:23+03:00,5adf8ce5f1520353d756e2f5ee62019a8d3cdae922c9709f7b01766112d89c90,2026-08-04T12:07:23Z,2026-08-04T12:07:23Z,valid
5f0aaecc-01c1-4828-be3a-405bf48702b8,93,2026-08-02T03:00:00+03:00,2026-08-02,2026-08-07T03:00:00+03:00,2026-08-07,120,-107,-107,True,xml_with_html_mismatch,-108,False,2026-08-03T14:01:46Z,2026-08-03T17:01:46+03:00,acd10e8c41536eba1e192b3305b50c81f8194e9956ab119f27513f9e89fa23fb,2026-08-03T14:01:46Z,2026-08-03T14:01:46Z,xml_html_value_mismatch
5f0aaecc-01c1-4828-be3a-405bf48702b8,93,2026-08-02T03:00:00+03:00,2026-08-02,2026-08-03T03:00:00+03:00,2026-08-03,24,-96,-96,True,xml_with_html_mismatch,-98,False,2026-08-03T14:01:46Z,2026-08-03T17:01:46+03:00,acd10e8c41536eba1e192b3305b50c81f8194e9956ab119f27513f9e89fa23fb,2026-08-03T14:01:46Z,2026-08-03T14:01:46Z,xml_html_value_mismatch
5f0aaecc-01c1-4828-be3a-405bf48702b8,93,2026-08-02T03:00:00+03:00,2026-08-02,2026-08-04T03:00:00+03:00,2026-08-04,48,-99,-99,True,xml_with_html_mismatch,-101,False,2026-08-03T14:01:46Z,2026-08-03T17:01:46+03:00,acd10e8c41536eba1e192b3305b50c81f8194e9956ab119f27513f9e89fa23fb,2026-08-03T14:01:46Z,2026-08-03T14:01:46Z,xml_html_value_mismatch
5f0aaecc-01c1-4828-be3a-405bf48702b8,93,2026-08-02T03:00:00+03:00,2026-08-02,2026-08-05T03:00:00+03:00,2026-08-05,72,-102,-102,True,xml_with_html_mismatch,-103,False,2026-08-03T14:01:46Z,2026-08-03T17:01:46+03:00,acd10e8c41536eba1e192b3305b50c81f8194e9956ab119f27513f9e89fa23fb,2026-08-03T14:01:46Z,2026-08-03T14:01:46Z,xml_html_value_mismatch
5f0aaecc-01c1-4828-be3a-405bf48702b8,93,2026-08-02T03:00:00+03:00,2026-08-02,2026-08-06T03:00:00+03:00,2026-08-06,96,-104,-104,True,xml_with_html_mismatch,-106,False,2026-08-03T14:01:46Z,2026-08-03T17:01:46+03:00,acd10e8c41536eba1e192b3305b50c81f8194e9956ab119f27513f9e89fa23fb,2026-08-03T14:01:46Z,2026-08-03T14:01:46Z,xml_html_value_mismatch
5f0aaecc-01c1-4828-be3a-405bf48702b8,93,2026-08-04T03:00:00+03:00,2026-08-04,2026-08-09T03:00:00+03:00,2026-08-09,120,-108,-108,True,xml_html_confirmed,-108,True,2026-08-04T12:07:23Z,2026-08-04T15:07:23+03:00,f018471b5fcfa5205e1b2d710c4b8c2118b83105d7eabba5d526efb77d3dfb46,2026-08-04T12:07:23Z,2026-08-04T12:07:23Z,valid
5f0aaecc-01c1-4828-be3a-405bf48702b8,93,2026-08-04T03:00:00+03:00,2026-08-04,2026-08-05T03:00:00+03:00,2026-08-05,24,-101,-101,True,xml_html_confirmed,-101,True,2026-08-04T12:07:23Z,2026-08-04T15:07:23+03:00,f018471b5fcfa5205e1b2d710c4b8c2118b83105d7eabba5d526efb77d3dfb46,2026-08-04T12:07:23Z,2026-08-04T12:07:23Z,valid
5f0aaecc-01c1-4828-be3a-405bf48702b8,93,2026-08-04T03:00:00+03:00,2026-08-04,2026-08-06T03:00:00+03:00,2026-08-06,48,-104,-104,True,xml_html_confirmed,-104,True,2026-08-04T12:07:23Z,2026-08-04T15:07:23+03:00,f018471b5fcfa5205e1b2d710c4b8c2118b83105d7eabba5d526efb77d3dfb46,2026-08-04T12:07:23Z,2026-08-04T12:07:23Z,valid
5f0aaecc-01c1-4828-be3a-405bf48702b8,93,2026-08-04T03:00:00+03:00,2026-08-04,2026-08-07T03:00:00+03:00,2026-08-07,72,-106,-106,True,xml_html_confirmed,-106,True,2026-08-04T12:07:23Z,2026-08-04T15:07:23+03:00,f018471b5fcfa5205e1b2d710c4b8c2118b83105d7eabba5d526efb77d3dfb46,2026-08-04T12:07:23Z,2026-08-04T12:07:23Z,valid
5f0aaecc-01c1-4828-be3a-405bf48702b8,93,2026-08-04T03:00:00+03:00,2026-08-04,2026-08-08T03:00:00+03:00,2026-08-08,96,-107,-107,True,xml_html_confirmed,-107,True,2026-08-04T12:07:23Z,2026-08-04T15:07:23+03:00,f018471b5fcfa5205e1b2d710c4b8c2118b83105d7eabba5d526efb77d3dfb46,2026-08-04T12:07:23Z,2026-08-04T12:07:23Z,valid
657e4b68-9e17-4102-a240-b2cf2f34ba27,82,2026-08-02T03:00:00+03:00,2026-08-02,2026-08-07T03:00:00+03:00,2026-08-07,120,0,,False,html_blank_xml_zero,,,2026-08-03T14:01:46Z,2026-08-03T17:01:46+03:00,f95b216062ea915cfa732451fbf2cc97125bb2322e0fb6abd7ffc17a0f82cd84,2026-08-03T14:01:46Z,2026-08-03T14:01:46Z,missing_forecast_encoded_as_zero
657e4b68-9e17-4102-a240-b2cf2f34ba27,82,2026-08-02T03:00:00+03:00,2026-08-02,2026-08-03T03:00:00+03:00,2026-08-03,24,0,,False,html_blank_xml_zero,,,2026-08-03T14:01:46Z,2026-08-03T17:01:46+03:00,f95b216062ea915cfa732451fbf2cc97125bb2322e0fb6abd7ffc17a0f82cd84,2026-08-03T14:01:46Z,2026-08-03T14:01:46Z,missing_forecast_encoded_as_zero
657e4b68-9e17-4102-a240-b2cf2f34ba27,82,2026-08-02T03:00:00+03:00,2026-08-02,2026-08-04T03:00:00+03:00,2026-08-04,48,0,,False,html_blank_xml_zero,,,2026-08-03T14:01:46Z,2026-08-03T17:01:46+03:00,f95b216062ea915cfa732451fbf2cc97125bb2322e0fb6abd7ffc17a0f82cd84,2026-08-03T14:01:46Z,2026-08-03T14:01:46Z,missing_forecast_encoded_as_zero
657e4b68-9e17-4102-a240-b2cf2f34ba27,82,2026-08-02T03:00:00+03:00,2026-08-02,2026-08-05T03:00:00+03:00,2026-08-05,72,0,,False,html_blank_xml_zero,,,2026-08-03T14:01:46Z,2026-08-03T17:01:46+03:00,f95b216062ea915cfa732451fbf2cc97125bb2322e0fb6abd7ffc17a0f82cd84,2026-08-03T14:01:46Z,2026-08-03T14:01:46Z,missing_forecast_encoded_as_zero
657e4b68-9e17-4102-a240-b2cf2f34ba27,82,2026-08-02T03:00:00+03:00,2026-08-02,2026-08-06T03:00:00+03:00,2026-08-06,96,0,,False,html_blank_xml_zero,,,2026-08-03T14:01:46Z,2026-08-03T17:01:46+03:00,f95b216062ea915cfa732451fbf2cc97125bb2322e0fb6abd7ffc17a0f82cd84,2026-08-03T14:01:46Z,2026-08-03T14:01:46Z,missing_forecast_encoded_as_zero
657e4b68-9e17-4102-a240-b2cf2f34ba27,82,2026-08-04T03:00:00+03:00,2026-08-04,2026-08-09T03:00:00+03:00,2026-08-09,120,0,,False,html_blank_xml_zero,,,2026-08-04T12:07:23Z,2026-08-04T15:07:23+03:00,0d60cda76d14f27ba451dbff1ba9a0a4518fda7ca549f1f49487bba24d3d252e,2026-08-04T12:07:23Z,2026-08-04T12:07:23Z,missing_forecast_encoded_as_zero
657e4b68-9e17-4102-a240-b2cf2f34ba27,82,2026-08-04T03:00:00+03:00,2026-08-04,2026-08-05T03:00:00+03:00,2026-08-05,24,0,,False,html_blank_xml_zero,,,2026-08-04T12:07:23Z,2026-08-04T15:07:23+03:00,0d60cda76d14f27ba451dbff1ba9a0a4518fda7ca549f1f49487bba24d3d252e,2026-08-04T12:07:23Z,2026-08-04T12:07:23Z,missing_forecast_encoded_as_zero
657e4b68-9e17-4102-a240-b2cf2f34ba27,82,2026-08-04T03:00:00+03:00,2026-08-04,2026-08-06T03:00:00+03:00,2026-08-06,48,0,,False,html_blank_xml_zero,,,2026-08-04T12:07:23Z,2026-08-04T15:07:23+03:00,0d60cda76d14f27ba451dbff1ba9a0a4518fda7ca549f1f49487bba24d3d252e,2026-08-04T12:07:23Z,2026-08-04T12:07:23Z,missing_forecast_encoded_as_zero
657e4b68-9e17-4102-a240-b2cf2f34ba27,82,2026-08-04T03:00:00+03:00,2026-08-04,2026-08-07T03:00:00+03:00,2026-08-07,72,0,,False,html_blank_xml_zero,,,2026-08-04T12:07:23Z,2026-08-04T15:07:23+03:00,0d60cda76d14f27ba451dbff1ba9a0a4518fda7ca549f1f49487bba24d3d252e,2026-08-04T12:07:23Z,2026-08-04T12:07:23Z,missing_forecast_encoded_as_zero
657e4b68-9e17-4102-a240-b2cf2f34ba27,82,2026-08-04T03:00:00+03:00,2026-08-04,2026-08-08T03:00:00+03:00,2026-08-08,96,0,,False,html_blank_xml_zero,,,2026-08-04T12:07:23Z,2026-08-04T15:07:23+03:00,0d60cda76d14f27ba451dbff1ba9a0a4518fda7ca549f1f49487bba24d3d252e,2026-08-04T12:07:23Z,2026-08-04T12:07:23Z,missing_forecast_encoded_as_zero
733c61e2-3083-4766-9b49-9c51b6e6c7cc,84,2026-08-02T03:00:00+03:00,2026-08-02,2026-08-07T03:00:00+03:00,2026-08-07,120,16,16,True,xml_with_html_mismatch,13,False,2026-08-03T14:01:46Z,2026-08-03T17:01:46+03:00,97566a67732e96717bb84bc6d36e495df1e8414bf567c07616e6ca6a334486ac,2026-08-03T14:01:46Z,2026-08-03T14:01:46Z,xml_html_value_mismatch
733c61e2-3083-4766-9b49-9c51b6e6c7cc,84,2026-08-02T03:00:00+03:00,2026-08-02,2026-08-03T03:00:00+03:00,2026-08-03,24,22,22,True,xml_with_html_mismatch,21,False,2026-08-03T14:01:46Z,2026-08-03T17:01:46+03:00,97566a67732e96717bb84bc6d36e495df1e8414bf567c07616e6ca6a334486ac,2026-08-03T14:01:46Z,2026-08-03T14:01:46Z,xml_html_value_mismatch
733c61e2-3083-4766-9b49-9c51b6e6c7cc,84,2026-08-02T03:00:00+03:00,2026-08-02,2026-08-04T03:00:00+03:00,2026-08-04,48,21,21,True,xml_with_html_mismatch,20,False,2026-08-03T14:01:46Z,2026-08-03T17:01:46+03:00,97566a67732e96717bb84bc6d36e495df1e8414bf567c07616e6ca6a334486ac,2026-08-03T14:01:46Z,2026-08-03T14:01:46Z,xml_html_value_mismatch
733c61e2-3083-4766-9b49-9c51b6e6c7cc,84,2026-08-02T03:00:00+03:00,2026-08-02,2026-08-05T03:00:00+03:00,2026-08-05,72,20,20,True,xml_with_html_mismatch,18,False,2026-08-03T14:01:46Z,2026-08-03T17:01:46+03:00,97566a67732e96717bb84bc6d36e495df1e8414bf567c07616e6ca6a334486ac,2026-08-03T14:01:46Z,2026-08-03T14:01:46Z,xml_html_value_mismatch
733c61e2-3083-4766-9b49-9c51b6e6c7cc,84,2026-08-02T03:00:00+03:00,2026-08-02,2026-08-06T03:00:00+03:00,2026-08-06,96,18,18,True,xml_with_html_mismatch,15,False,2026-08-03T14:01:46Z,2026-08-03T17:01:46+03:00,97566a67732e96717bb84bc6d36e495df1e8414bf567c07616e6ca6a334486ac,2026-08-03T14:01:46Z,2026-08-03T14:01:46Z,xml_html_value_mismatch
733c61e2-3083-4766-9b49-9c51b6e6c7cc,84,2026-08-04T03:00:00+03:00,2026-08-04,2026-08-09T03:00:00+03:00,2026-08-09,120,18,18,True,xml_html_confirmed,18,True,2026-08-04T12:07:23Z,2026-08-04T15:07:23+03:00,fa58e60b959ef1a99cf316b8452bd35a28caf749d7b95d5f80a1c935849ce212,2026-08-04T12:07:23Z,2026-08-04T12:07:23Z,valid
733c61e2-3083-4766-9b49-9c51b6e6c7cc,84,2026-08-04T03:00:00+03:00,2026-08-04,2026-08-05T03:00:00+03:00,2026-08-05,24,26,26,True,xml_html_confirmed,26,True,2026-08-04T12:07:23Z,2026-08-04T15:07:23+03:00,fa58e60b959ef1a99cf316b8452bd35a28caf749d7b95d5f80a1c935849ce212,2026-08-04T12:07:23Z,2026-08-04T12:07:23Z,valid
733c61e2-3083-4766-9b49-9c51b6e6c7cc,84,2026-08-04T03:00:00+03:00,2026-08-04,2026-08-06T03:00:00+03:00,2026-08-06,48,24,24,True,xml_html_confirmed,24,True,2026-08-04T12:07:23Z,2026-08-04T15:07:23+03:00,fa58e60b959ef1a99cf316b8452bd35a28caf749d7b95d5f80a1c935849ce212,2026-08-04T12:07:23Z,2026-08-04T12:07:23Z,valid
733c61e2-3083-4766-9b49-9c51b6e6c7cc,84,2026-08-04T03:00:00+03:00,2026-08-04,2026-08-07T03:00:00+03:00,2026-08-07,72,22,22,True,xml_html_confirmed,22,True,2026-08-04T12:07:23Z,2026-08-04T15:07:23+03:00,fa58e60b959ef1a99cf316b8452bd35a28caf749d7b95d5f80a1c935849ce212,2026-08-04T12:07:23Z,2026-08-04T12:07:23Z,valid
733c61e2-3083-4766-9b49-9c51b6e6c7cc,84,2026-08-04T03:00:00+03:00,2026-08-04,2026-08-08T03:00:00+03:00,2026-08-08,96,20,20,True,xml_html_confirmed,20,True,2026-08-04T12:07:23Z,2026-08-04T15:07:23+03:00,fa58e60b959ef1a99cf316b8452bd35a28caf749d7b95d5f80a1c935849ce212,2026-08-04T12:07:23Z,2026-08-04T12:07:23Z,valid
841d8091-d02e-4c06-8391-7f5aa233b244,102,2026-08-02T03:00:00+03:00,2026-08-02,2026-08-07T03:00:00+03:00,2026-08-07,120,0,,False,html_blank_xml_zero,,,2026-08-03T14:01:46Z,2026-08-03T17:01:46+03:00,935749b2e12a4e2ca824d9add24f5e6842e3ea60b427e5f6e3aaae42234749e7,2026-08-03T14:01:46Z,2026-08-03T14:01:46Z,missing_forecast_encoded_as_zero
841d8091-d02e-4c06-8391-7f5aa233b244,102,2026-08-02T03:00:00+03:00,2026-08-02,2026-08-03T03:00:00+03:00,2026-08-03,24,0,,False,html_blank_xml_zero,,,2026-08-03T14:01:46Z,2026-08-03T17:01:46+03:00,935749b2e12a4e2ca824d9add24f5e6842e3ea60b427e5f6e3aaae42234749e7,2026-08-03T14:01:46Z,2026-08-03T14:01:46Z,missing_forecast_encoded_as_zero
841d8091-d02e-4c06-8391-7f5aa233b244,102,2026-08-02T03:00:00+03:00,2026-08-02,2026-08-04T03:00:00+03:00,2026-08-04,48,0,,False,html_blank_xml_zero,,,2026-08-03T14:01:46Z,2026-08-03T17:01:46+03:00,935749b2e12a4e2ca824d9add24f5e6842e3ea60b427e5f6e3aaae42234749e7,2026-08-03T14:01:46Z,2026-08-03T14:01:46Z,missing_forecast_encoded_as_zero
841d8091-d02e-4c06-8391-7f5aa233b244,102,2026-08-02T03:00:00+03:00,2026-08-02,2026-08-05T03:00:00+03:00,2026-08-05,72,0,,False,html_blank_xml_zero,,,2026-08-03T14:01:46Z,2026-08-03T17:01:46+03:00,935749b2e12a4e2ca824d9add24f5e6842e3ea60b427e5f6e3aaae42234749e7,2026-08-03T14:01:46Z,2026-08-03T14:01:46Z,missing_forecast_encoded_as_zero
841d8091-d02e-4c06-8391-7f5aa233b244,102,2026-08-02T03:00:00+03:00,2026-08-02,2026-08-06T03:00:00+03:00,2026-08-06,96,0,,False,html_blank_xml_zero,,,2026-08-03T14:01:46Z,2026-08-03T17:01:46+03:00,935749b2e12a4e2ca824d9add24f5e6842e3ea60b427e5f6e3aaae42234749e7,2026-08-03T14:01:46Z,2026-08-03T14:01:46Z,missing_forecast_encoded_as_zero
841d8091-d02e-4c06-8391-7f5aa233b244,102,2026-08-04T03:00:00+03:00,2026-08-04,2026-08-09T03:00:00+03:00,2026-08-09,120,0,,False,html_blank_xml_zero,,,2026-08-04T12:07:23Z,2026-08-04T15:07:23+03:00,aa8d821f204130d2838579a8aea09a07842eb1abdef5e61a713fb74db1c0cdd6,2026-08-04T12:07:23Z,2026-08-04T12:07:23Z,missing_forecast_encoded_as_zero
841d8091-d02e-4c06-8391-7f5aa233b244,102,2026-08-04T03:00:00+03:00,2026-08-04,2026-08-05T03:00:00+03:00,2026-08-05,24,0,,False,html_blank_xml_zero,,,2026-08-04T12:07:23Z,2026-08-04T15:07:23+03:00,aa8d821f204130d2838579a8aea09a07842eb1abdef5e61a713fb74db1c0cdd6,2026-08-04T12:07:23Z,2026-08-04T12:07:23Z,missing_forecast_encoded_as_zero
841d8091-d02e-4c06-8391-7f5aa233b244,102,2026-08-04T03:00:00+03:00,2026-08-04,2026-08-06T03:00:00+03:00,2026-08-06,48,0,,False,html_blank_xml_zero,,,2026-08-04T12:07:23Z,2026-08-04T15:07:23+03:00,aa8d821f204130d2838579a8aea09a07842eb1abdef5e61a713fb74db1c0cdd6,2026-08-04T12:07:23Z,2026-08-04T12:07:23Z,missing_forecast_encoded_as_zero
841d8091-d02e-4c06-8391-7f5aa233b244,102,2026-08-04T03:00:00+03:00,2026-08-04,2026-08-07T03:00:00+03:00,2026-08-07,72,0,,False,html_blank_xml_zero,,,2026-08-04T12:07:23Z,2026-08-04T15:07:23+03:00,aa8d821f204130d2838579a8aea09a07842eb1abdef5e61a713fb74db1c0cdd6,2026-08-04T12:07:23Z,2026-08-04T12:07:23Z,missing_forecast_encoded_as_zero
841d8091-d02e-4c06-8391-7f5aa233b244,102,2026-08-04T03:00:00+03:00,2026-08-04,2026-08-08T03:00:00+03:00,2026-08-08,96,0,,False,html_blank_xml_zero,,,2026-08-04T12:07:23Z,2026-08-04T15:07:23+03:00,aa8d821f204130d2838579a8aea09a07842eb1abdef5e61a713fb74db1c0cdd6,2026-08-04T12:07:23Z,2026-08-04T12:07:23Z,missing_forecast_encoded_as_zero
89bd48d0-b491-4706-986d-d67ffc282f4e,96,2026-08-02T03:00:00+03:00,2026-08-02,2026-08-07T03:00:00+03:00,2026-08-07,120,0,,False,html_blank_xml_zero,,,2026-08-03T14:01:46Z,2026-08-03T17:01:46+03:00,bb10cdca38de549c05d70734f0e411d6dc274acf4dc854ee36d7afc66e537a29,2026-08-03T14:01:46Z,2026-08-03T14:01:46Z,missing_forecast_encoded_as_zero
89bd48d0-b491-4706-986d-d67ffc282f4e,96,2026-08-02T03:00:00+03:00,2026-08-02,2026-08-03T03:00:00+03:00,2026-08-03,24,0,,False,html_blank_xml_zero,,,2026-08-03T14:01:46Z,2026-08-03T17:01:46+03:00,bb10cdca38de549c05d70734f0e411d6dc274acf4dc854ee36d7afc66e537a29,2026-08-03T14:01:46Z,2026-08-03T14:01:46Z,missing_forecast_encoded_as_zero
89bd48d0-b491-4706-986d-d67ffc282f4e,96,2026-08-02T03:00:00+03:00,2026-08-02,2026-08-04T03:00:00+03:00,2026-08-04,48,0,,False,html_blank_xml_zero,,,2026-08-03T14:01:46Z,2026-08-03T17:01:46+03:00,bb10cdca38de549c05d70734f0e411d6dc274acf4dc854ee36d7afc66e537a29,2026-08-03T14:01:46Z,2026-08-03T14:01:46Z,missing_forecast_encoded_as_zero
89bd48d0-b491-4706-986d-d67ffc282f4e,96,2026-08-02T03:00:00+03:00,2026-08-02,2026-08-05T03:00:00+03:00,2026-08-05,72,0,,False,html_blank_xml_zero,,,2026-08-03T14:01:46Z,2026-08-03T17:01:46+03:00,bb10cdca38de549c05d70734f0e411d6dc274acf4dc854ee36d7afc66e537a29,2026-08-03T14:01:46Z,2026-08-03T14:01:46Z,missing_forecast_encoded_as_zero
89bd48d0-b491-4706-986d-d67ffc282f4e,96,2026-08-02T03:00:00+03:00,2026-08-02,2026-08-06T03:00:00+03:00,2026-08-06,96,0,,False,html_blank_xml_zero,,,2026-08-03T14:01:46Z,2026-08-03T17:01:46+03:00,bb10cdca38de549c05d70734f0e411d6dc274acf4dc854ee36d7afc66e537a29,2026-08-03T14:01:46Z,2026-08-03T14:01:46Z,missing_forecast_encoded_as_zero
89bd48d0-b491-4706-986d-d67ffc282f4e,96,2026-08-04T03:00:00+03:00,2026-08-04,2026-08-09T03:00:00+03:00,2026-08-09,120,0,,False,html_blank_xml_zero,,,2026-08-04T12:07:23Z,2026-08-04T15:07:23+03:00,68b0788b2698228ce9a09011f798659d3a3844bacd84f723c6c0702f5fc1e0d8,2026-08-04T12:07:23Z,2026-08-04T12:07:23Z,missing_forecast_encoded_as_zero
89bd48d0-b491-4706-986d-d67ffc282f4e,96,2026-08-04T03:00:00+03:00,2026-08-04,2026-08-05T03:00:00+03:00,2026-08-05,24,0,,False,html_blank_xml_zero,,,2026-08-04T12:07:23Z,2026-08-04T15:07:23+03:00,68b0788b2698228ce9a09011f798659d3a3844bacd84f723c6c0702f5fc1e0d8,2026-08-04T12:07:23Z,2026-08-04T12:07:23Z,missing_forecast_encoded_as_zero
89bd48d0-b491-4706-986d-d67ffc282f4e,96,2026-08-04T03:00:00+03:00,2026-08-04,2026-08-06T03:00:00+03:00,2026-08-06,48,0,,False,html_blank_xml_zero,,,2026-08-04T12:07:23Z,2026-08-04T15:07:23+03:00,68b0788b2698228ce9a09011f798659d3a3844bacd84f723c6c0702f5fc1e0d8,2026-08-04T12:07:23Z,2026-08-04T12:07:23Z,missing_forecast_encoded_as_zero
89bd48d0-b491-4706-986d-d67ffc282f4e,96,2026-08-04T03:00:00+03:00,2026-08-04,2026-08-07T03:00:00+03:00,2026-08-07,72,0,,False,html_blank_xml_zero,,,2026-08-04T12:07:23Z,2026-08-04T15:07:23+03:00,68b0788b2698228ce9a09011f798659d3a3844bacd84f723c6c0702f5fc1e0d8,2026-08-04T12:07:23Z,2026-08-04T12:07:23Z,missing_forecast_encoded_as_zero
89bd48d0-b491-4706-986d-d67ffc282f4e,96,2026-08-04T03:00:00+03:00,2026-08-04,2026-08-08T03:00:00+03:00,2026-08-08,96,0,,False,html_blank_xml_zero,,,2026-08-04T12:07:23Z,2026-08-04T15:07:23+03:00,68b0788b2698228ce9a09011f798659d3a3844bacd84f723c6c0702f5fc1e0d8,2026-08-04T12:07:23Z,2026-08-04T12:07:23Z,missing_forecast_encoded_as_zero
a4976c0d-d21d-4bda-b6bc-c19c0edc6123,97,2026-08-02T03:00:00+03:00,2026-08-02,2026-08-07T03:00:00+03:00,2026-08-07,120,-172,-172,True,xml_with_html_mismatch,-174,False,2026-08-03T14:01:46Z,2026-08-03T17:01:46+03:00,43730cddecfb117101bb51a8f61fa02aa436e3881abba95fd0b5bde8aa015f5d,2026-08-03T14:01:46Z,2026-08-03T14:01:46Z,xml_html_value_mismatch
a4976c0d-d21d-4bda-b6bc-c19c0edc6123,97,2026-08-02T03:00:00+03:00,2026-08-02,2026-08-03T03:00:00+03:00,2026-08-03,24,-160,-160,True,xml_with_html_mismatch,-164,False,2026-08-03T14:01:46Z,2026-08-03T17:01:46+03:00,43730cddecfb117101bb51a8f61fa02aa436e3881abba95fd0b5bde8aa015f5d,2026-08-03T14:01:46Z,2026-08-03T14:01:46Z,xml_html_value_mismatch
a4976c0d-d21d-4bda-b6bc-c19c0edc6123,97,2026-08-02T03:00:00+03:00,2026-08-02,2026-08-04T03:00:00+03:00,2026-08-04,48,-164,-164,True,xml_with_html_mismatch,-167,False,2026-08-03T14:01:46Z,2026-08-03T17:01:46+03:00,43730cddecfb117101bb51a8f61fa02aa436e3881abba95fd0b5bde8aa015f5d,2026-08-03T14:01:46Z,2026-08-03T14:01:46Z,xml_html_value_mismatch
a4976c0d-d21d-4bda-b6bc-c19c0edc6123,97,2026-08-02T03:00:00+03:00,2026-08-02,2026-08-05T03:00:00+03:00,2026-08-05,72,-167,-167,True,xml_with_html_mismatch,-169,False,2026-08-03T14:01:46Z,2026-08-03T17:01:46+03:00,43730cddecfb117101bb51a8f61fa02aa436e3881abba95fd0b5bde8aa015f5d,2026-08-03T14:01:46Z,2026-08-03T14:01:46Z,xml_html_value_mismatch
a4976c0d-d21d-4bda-b6bc-c19c0edc6123,97,2026-08-02T03:00:00+03:00,2026-08-02,2026-08-06T03:00:00+03:00,2026-08-06,96,-170,-170,True,xml_with_html_mismatch,-172,False,2026-08-03T14:01:46Z,2026-08-03T17:01:46+03:00,43730cddecfb117101bb51a8f61fa02aa436e3881abba95fd0b5bde8aa015f5d,2026-08-03T14:01:46Z,2026-08-03T14:01:46Z,xml_html_value_mismatch
a4976c0d-d21d-4bda-b6bc-c19c0edc6123,97,2026-08-04T03:00:00+03:00,2026-08-04,2026-08-09T03:00:00+03:00,2026-08-09,120,-174,-174,True,xml_html_confirmed,-174,True,2026-08-04T12:07:23Z,2026-08-04T15:07:23+03:00,97b3ae57d651a3af7d555af6a254639a0261772c4dec87013992840f9f40988c,2026-08-04T12:07:23Z,2026-08-04T12:07:23Z,valid
a4976c0d-d21d-4bda-b6bc-c19c0edc6123,97,2026-08-04T03:00:00+03:00,2026-08-04,2026-08-05T03:00:00+03:00,2026-08-05,24,-168,-168,True,xml_html_confirmed,-168,True,2026-08-04T12:07:23Z,2026-08-04T15:07:23+03:00,97b3ae57d651a3af7d555af6a254639a0261772c4dec87013992840f9f40988c,2026-08-04T12:07:23Z,2026-08-04T12:07:23Z,valid
a4976c0d-d21d-4bda-b6bc-c19c0edc6123,97,2026-08-04T03:00:00+03:00,2026-08-04,2026-08-06T03:00:00+03:00,2026-08-06,48,-170,-170,True,xml_html_confirmed,-170,True,2026-08-04T12:07:23Z,2026-08-04T15:07:23+03:00,97b3ae57d651a3af7d555af6a254639a0261772c4dec87013992840f9f40988c,2026-08-04T12:07:23Z,2026-08-04T12:07:23Z,valid
a4976c0d-d21d-4bda-b6bc-c19c0edc6123,97,2026-08-04T03:00:00+03:00,2026-08-04,2026-08-07T03:00:00+03:00,2026-08-07,72,-171,-171,True,xml_html_confirmed,-171,True,2026-08-04T12:07:23Z,2026-08-04T15:07:23+03:00,97b3ae57d651a3af7d555af6a254639a0261772c4dec87013992840f9f40988c,2026-08-04T12:07:23Z,2026-08-04T12:07:23Z,valid
a4976c0d-d21d-4bda-b6bc-c19c0edc6123,97,2026-08-04T03:00:00+03:00,2026-08-04,2026-08-08T03:00:00+03:00,2026-08-08,96,-172,-172,True,xml_html_confirmed,-172,True,2026-08-04T12:07:23Z,2026-08-04T15:07:23+03:00,97b3ae57d651a3af7d555af6a254639a0261772c4dec87013992840f9f40988c,2026-08-04T12:07:23Z,2026-08-04T12:07:23Z,valid
b5ab6a64-d495-4137-b6a3-4c98d96836c9,94,2026-08-02T03:00:00+03:00,2026-08-02,2026-08-07T03:00:00+03:00,2026-08-07,120,-142,-142,True,xml_with_html_mismatch,-143,False,2026-08-03T14:01:46Z,2026-08-03T17:01:46+03:00,2d43a4aca6c569498edd86baf2c201a944a09e1d20a74c8d730277f903015b00,2026-08-03T14:01:46Z,2026-08-03T14:01:46Z,xml_html_value_mismatch
b5ab6a64-d495-4137-b6a3-4c98d96836c9,94,2026-08-02T03:00:00+03:00,2026-08-02,2026-08-03T03:00:00+03:00,2026-08-03,24,-129,-129,True,xml_with_html_mismatch,-131,False,2026-08-03T14:01:46Z,2026-08-03T17:01:46+03:00,2d43a4aca6c569498edd86baf2c201a944a09e1d20a74c8d730277f903015b00,2026-08-03T14:01:46Z,2026-08-03T14:01:46Z,xml_html_value_mismatch
b5ab6a64-d495-4137-b6a3-4c98d96836c9,94,2026-08-02T03:00:00+03:00,2026-08-02,2026-08-04T03:00:00+03:00,2026-08-04,48,-133,-133,True,xml_with_html_mismatch,-135,False,2026-08-03T14:01:46Z,2026-08-03T17:01:46+03:00,2d43a4aca6c569498edd86baf2c201a944a09e1d20a74c8d730277f903015b00,2026-08-03T14:01:46Z,2026-08-03T14:01:46Z,xml_html_value_mismatch
b5ab6a64-d495-4137-b6a3-4c98d96836c9,94,2026-08-02T03:00:00+03:00,2026-08-02,2026-08-05T03:00:00+03:00,2026-08-05,72,-136,-136,True,xml_with_html_mismatch,-138,False,2026-08-03T14:01:46Z,2026-08-03T17:01:46+03:00,2d43a4aca6c569498edd86baf2c201a944a09e1d20a74c8d730277f903015b00,2026-08-03T14:01:46Z,2026-08-03T14:01:46Z,xml_html_value_mismatch
b5ab6a64-d495-4137-b6a3-4c98d96836c9,94,2026-08-02T03:00:00+03:00,2026-08-02,2026-08-06T03:00:00+03:00,2026-08-06,96,-139,-139,True,xml_with_html_mismatch,-141,False,2026-08-03T14:01:46Z,2026-08-03T17:01:46+03:00,2d43a4aca6c569498edd86baf2c201a944a09e1d20a74c8d730277f903015b00,2026-08-03T14:01:46Z,2026-08-03T14:01:46Z,xml_html_value_mismatch
b5ab6a64-d495-4137-b6a3-4c98d96836c9,94,2026-08-04T03:00:00+03:00,2026-08-04,2026-08-09T03:00:00+03:00,2026-08-09,120,-141,-141,True,xml_html_confirmed,-141,True,2026-08-04T12:07:23Z,2026-08-04T15:07:23+03:00,9fb687b6921539c2b5725bec7ebbf5c3caae172afa38b4da61c8b8924377efb7,2026-08-04T12:07:23Z,2026-08-04T12:07:23Z,valid
b5ab6a64-d495-4137-b6a3-4c98d96836c9,94,2026-08-04T03:00:00+03:00,2026-08-04,2026-08-05T03:00:00+03:00,2026-08-05,24,-133,-133,True,xml_html_confirmed,-133,True,2026-08-04T12:07:23Z,2026-08-04T15:07:23+03:00,9fb687b6921539c2b5725bec7ebbf5c3caae172afa38b4da61c8b8924377efb7,2026-08-04T12:07:23Z,2026-08-04T12:07:23Z,valid
b5ab6a64-d495-4137-b6a3-4c98d96836c9,94,2026-08-04T03:00:00+03:00,2026-08-04,2026-08-06T03:00:00+03:00,2026-08-06,48,-136,-136,True,xml_html_confirmed,-136,True,2026-08-04T12:07:23Z,2026-08-04T15:07:23+03:00,9fb687b6921539c2b5725bec7ebbf5c3caae172afa38b4da61c8b8924377efb7,2026-08-04T12:07:23Z,2026-08-04T12:07:23Z,valid
b5ab6a64-d495-4137-b6a3-4c98d96836c9,94,2026-08-04T03:00:00+03:00,2026-08-04,2026-08-07T03:00:00+03:00,2026-08-07,72,-139,-139,True,xml_html_confirmed,-139,True,2026-08-04T12:07:23Z,2026-08-04T15:07:23+03:00,9fb687b6921539c2b5725bec7ebbf5c3caae172afa38b4da61c8b8924377efb7,2026-08-04T12:07:23Z,2026-08-04T12:07:23Z,valid
b5ab6a64-d495-4137-b6a3-4c98d96836c9,94,2026-08-04T03:00:00+03:00,2026-08-04,2026-08-08T03:00:00+03:00,2026-08-08,96,-140,-140,True,xml_html_confirmed,-140,True,2026-08-04T12:07:23Z,2026-08-04T15:07:23+03:00,9fb687b6921539c2b5725bec7ebbf5c3caae172afa38b4da61c8b8924377efb7,2026-08-04T12:07:23Z,2026-08-04T12:07:23Z,valid
bbf5e3ee-6ed6-4b87-afee-d78643847aea,101,2026-08-02T03:00:00+03:00,2026-08-02,2026-08-07T03:00:00+03:00,2026-08-07,120,0,,False,html_blank_xml_zero,,,2026-08-03T14:01:46Z,2026-08-03T17:01:46+03:00,bde35a2a4ba55ef89c876824dada06376d5db25b152b811c3cfdebdc358cf8c6,2026-08-03T14:01:46Z,2026-08-03T14:01:46Z,missing_forecast_encoded_as_zero
bbf5e3ee-6ed6-4b87-afee-d78643847aea,101,2026-08-02T03:00:00+03:00,2026-08-02,2026-08-03T03:00:00+03:00,2026-08-03,24,0,,False,html_blank_xml_zero,,,2026-08-03T14:01:46Z,2026-08-03T17:01:46+03:00,bde35a2a4ba55ef89c876824dada06376d5db25b152b811c3cfdebdc358cf8c6,2026-08-03T14:01:46Z,2026-08-03T14:01:46Z,missing_forecast_encoded_as_zero
bbf5e3ee-6ed6-4b87-afee-d78643847aea,101,2026-08-02T03:00:00+03:00,2026-08-02,2026-08-04T03:00:00+03:00,2026-08-04,48,0,,False,html_blank_xml_zero,,,2026-08-03T14:01:46Z,2026-08-03T17:01:46+03:00,bde35a2a4ba55ef89c876824dada06376d5db25b152b811c3cfdebdc358cf8c6,2026-08-03T14:01:46Z,2026-08-03T14:01:46Z,missing_forecast_encoded_as_zero
bbf5e3ee-6ed6-4b87-afee-d78643847aea,101,2026-08-02T03:00:00+03:00,2026-08-02,2026-08-05T03:00:00+03:00,2026-08-05,72,0,,False,html_blank_xml_zero,,,2026-08-03T14:01:46Z,2026-08-03T17:01:46+03:00,bde35a2a4ba55ef89c876824dada06376d5db25b152b811c3cfdebdc358cf8c6,2026-08-03T14:01:46Z,2026-08-03T14:01:46Z,missing_forecast_encoded_as_zero
bbf5e3ee-6ed6-4b87-afee-d78643847aea,101,2026-08-02T03:00:00+03:00,2026-08-02,2026-08-06T03:00:00+03:00,2026-08-06,96,0,,False,html_blank_xml_zero,,,2026-08-03T14:01:46Z,2026-08-03T17:01:46+03:00,bde35a2a4ba55ef89c876824dada06376d5db25b152b811c3cfdebdc358cf8c6,2026-08-03T14:01:46Z,2026-08-03T14:01:46Z,missing_forecast_encoded_as_zero
bbf5e3ee-6ed6-4b87-afee-d78643847aea,101,2026-08-04T03:00:00+03:00,2026-08-04,2026-08-09T03:00:00+03:00,2026-08-09,120,0,,False,html_blank_xml_zero,,,2026-08-04T12:07:23Z,2026-08-04T15:07:23+03:00,6f9dd2f464bd234abce9321738189a5796ef62e6284c63ff3bc9900b13420f4e,2026-08-04T12:07:23Z,2026-08-04T12:07:23Z,missing_forecast_encoded_as_zero
bbf5e3ee-6ed6-4b87-afee-d78643847aea,101,2026-08-04T03:00:00+03:00,2026-08-04,2026-08-05T03:00:00+03:00,2026-08-05,24,0,,False,html_blank_xml_zero,,,2026-08-04T12:07:23Z,2026-08-04T15:07:23+03:00,6f9dd2f464bd234abce9321738189a5796ef62e6284c63ff3bc9900b13420f4e,2026-08-04T12:07:23Z,2026-08-04T12:07:23Z,missing_forecast_encoded_as_zero
bbf5e3ee-6ed6-4b87-afee-d78643847aea,101,2026-08-04T03:00:00+03:00,2026-08-04,2026-08-06T03:00:00+03:00,2026-08-06,48,0,,False,html_blank_xml_zero,,,2026-08-04T12:07:23Z,2026-08-04T15:07:23+03:00,6f9dd2f464bd234abce9321738189a5796ef62e6284c63ff3bc9900b13420f4e,2026-08-04T12:07:23Z,2026-08-04T12:07:23Z,missing_forecast_encoded_as_zero
bbf5e3ee-6ed6-4b87-afee-d78643847aea,101,2026-08-04T03:00:00+03:00,2026-08-04,2026-08-07T03:00:00+03:00,2026-08-07,72,0,,False,html_blank_xml_zero,,,2026-08-04T12:07:23Z,2026-08-04T15:07:23+03:00,6f9dd2f464bd234abce9321738189a5796ef62e6284c63ff3bc9900b13420f4e,2026-08-04T12:07:23Z,2026-08-04T12:07:23Z,missing_forecast_encoded_as_zero
bbf5e3ee-6ed6-4b87-afee-d78643847aea,101,2026-08-04T03:00:00+03:00,2026-08-04,2026-08-08T03:00:00+03:00,2026-08-08,96,0,,False,html_blank_xml_zero,,,2026-08-04T12:07:23Z,2026-08-04T15:07:23+03:00,6f9dd2f464bd234abce9321738189a5796ef62e6284c63ff3bc9900b13420f4e,2026-08-04T12:07:23Z,2026-08-04T12:07:23Z,missing_forecast_encoded_as_zero
c726848a-12e0-4961-be36-8a8d29ce9106,85,2026-08-02T03:00:00+03:00,2026-08-02,2026-08-07T03:00:00+03:00,2026-08-07,120,16,16,True,xml_with_html_mismatch,14,False,2026-08-03T14:01:46Z,2026-08-03T17:01:46+03:00,89240b1db8b5af41f9f2ad7cce0c1d6162d1f55797f09f1336bd20dce466b4b0,2026-08-03T14:01:46Z,2026-08-03T14:01:46Z,xml_html_value_mismatch
c726848a-12e0-4961-be36-8a8d29ce9106,85,2026-08-02T03:00:00+03:00,2026-08-02,2026-08-03T03:00:00+03:00,2026-08-03,24,23,23,True,xml_with_html_mismatch,24,False,2026-08-03T14:01:46Z,2026-08-03T17:01:46+03:00,89240b1db8b5af41f9f2ad7cce0c1d6162d1f55797f09f1336bd20dce466b4b0,2026-08-03T14:01:46Z,2026-08-03T14:01:46Z,xml_html_value_mismatch
c726848a-12e0-4961-be36-8a8d29ce9106,85,2026-08-02T03:00:00+03:00,2026-08-02,2026-08-04T03:00:00+03:00,2026-08-04,48,21,21,True,xml_with_html_mismatch,22,False,2026-08-03T14:01:46Z,2026-08-03T17:01:46+03:00,89240b1db8b5af41f9f2ad7cce0c1d6162d1f55797f09f1336bd20dce466b4b0,2026-08-03T14:01:46Z,2026-08-03T14:01:46Z,xml_html_value_mismatch
c726848a-12e0-4961-be36-8a8d29ce9106,85,2026-08-02T03:00:00+03:00,2026-08-02,2026-08-05T03:00:00+03:00,2026-08-05,72,20,20,True,xml_with_html_mismatch,19,False,2026-08-03T14:01:46Z,2026-08-03T17:01:46+03:00,89240b1db8b5af41f9f2ad7cce0c1d6162d1f55797f09f1336bd20dce466b4b0,2026-08-03T14:01:46Z,2026-08-03T14:01:46Z,xml_html_value_mismatch
c726848a-12e0-4961-be36-8a8d29ce9106,85,2026-08-02T03:00:00+03:00,2026-08-02,2026-08-06T03:00:00+03:00,2026-08-06,96,18,18,True,xml_with_html_mismatch,16,False,2026-08-03T14:01:46Z,2026-08-03T17:01:46+03:00,89240b1db8b5af41f9f2ad7cce0c1d6162d1f55797f09f1336bd20dce466b4b0,2026-08-03T14:01:46Z,2026-08-03T14:01:46Z,xml_html_value_mismatch
c726848a-12e0-4961-be36-8a8d29ce9106,85,2026-08-04T03:00:00+03:00,2026-08-04,2026-08-09T03:00:00+03:00,2026-08-09,120,17,17,True,xml_html_confirmed,17,True,2026-08-04T12:07:23Z,2026-08-04T15:07:23+03:00,c019c1ec335a745a2e4bb71e087cf9b491d3ad3fcfd95280dc1e4cb2de8e7a5c,2026-08-04T12:07:23Z,2026-08-04T12:07:23Z,valid
c726848a-12e0-4961-be36-8a8d29ce9106,85,2026-08-04T03:00:00+03:00,2026-08-04,2026-08-05T03:00:00+03:00,2026-08-05,24,26,26,True,xml_html_confirmed,26,True,2026-08-04T12:07:23Z,2026-08-04T15:07:23+03:00,c019c1ec335a745a2e4bb71e087cf9b491d3ad3fcfd95280dc1e4cb2de8e7a5c,2026-08-04T12:07:23Z,2026-08-04T12:07:23Z,valid
c726848a-12e0-4961-be36-8a8d29ce9106,85,2026-08-04T03:00:00+03:00,2026-08-04,2026-08-06T03:00:00+03:00,2026-08-06,48,24,24,True,xml_html_confirmed,24,True,2026-08-04T12:07:23Z,2026-08-04T15:07:23+03:00,c019c1ec335a745a2e4bb71e087cf9b491d3ad3fcfd95280dc1e4cb2de8e7a5c,2026-08-04T12:07:23Z,2026-08-04T12:07:23Z,valid
c726848a-12e0-4961-be36-8a8d29ce9106,85,2026-08-04T03:00:00+03:00,2026-08-04,2026-08-07T03:00:00+03:00,2026-08-07,72,22,22,True,xml_html_confirmed,22,True,2026-08-04T12:07:23Z,2026-08-04T15:07:23+03:00,c019c1ec335a745a2e4bb71e087cf9b491d3ad3fcfd95280dc1e4cb2de8e7a5c,2026-08-04T12:07:23Z,2026-08-04T12:07:23Z,valid
c726848a-12e0-4961-be36-8a8d29ce9106,85,2026-08-04T03:00:00+03:00,2026-08-04,2026-08-08T03:00:00+03:00,2026-08-08,96,20,20,True,xml_html_confirmed,20,True,2026-08-04T12:07:23Z,2026-08-04T15:07:23+03:00,c019c1ec335a745a2e4bb71e087cf9b491d3ad3fcfd95280dc1e4cb2de8e7a5c,2026-08-04T12:07:23Z,2026-08-04T12:07:23Z,valid
cc4f13d6-eccf-48bf-a3b2-2ed3b60e1f63,86,2026-08-02T03:00:00+03:00,2026-08-02,2026-08-07T03:00:00+03:00,2026-08-07,120,-9,-9,True,xml_html_confirmed,-9,True,2026-08-03T14:01:46Z,2026-08-03T17:01:46+03:00,5f63fe270f19e7892199d04d330ee1e3611794f76286217ca7b5f126d401f852,2026-08-03T14:01:46Z,2026-08-03T14:01:46Z,valid
cc4f13d6-eccf-48bf-a3b2-2ed3b60e1f63,86,2026-08-02T03:00:00+03:00,2026-08-02,2026-08-03T03:00:00+03:00,2026-08-03,24,0,0,True,xml_with_html_mismatch,1,False,2026-08-03T14:01:46Z,2026-08-03T17:01:46+03:00,5f63fe270f19e7892199d04d330ee1e3611794f76286217ca7b5f126d401f852,2026-08-03T14:01:46Z,2026-08-03T14:01:46Z,xml_html_value_mismatch
cc4f13d6-eccf-48bf-a3b2-2ed3b60e1f63,86,2026-08-02T03:00:00+03:00,2026-08-02,2026-08-04T03:00:00+03:00,2026-08-04,48,-2,-2,True,xml_with_html_mismatch,-1,False,2026-08-03T14:01:46Z,2026-08-03T17:01:46+03:00,5f63fe270f19e7892199d04d330ee1e3611794f76286217ca7b5f126d401f852,2026-08-03T14:01:46Z,2026-08-03T14:01:46Z,xml_html_value_mismatch
cc4f13d6-eccf-48bf-a3b2-2ed3b60e1f63,86,2026-08-02T03:00:00+03:00,2026-08-02,2026-08-05T03:00:00+03:00,2026-08-05,72,-4,-4,True,xml_html_confirmed,-4,True,2026-08-03T14:01:46Z,2026-08-03T17:01:46+03:00,5f63fe270f19e7892199d04d330ee1e3611794f76286217ca7b5f126d401f852,2026-08-03T14:01:46Z,2026-08-03T14:01:46Z,valid
cc4f13d6-eccf-48bf-a3b2-2ed3b60e1f63,86,2026-08-02T03:00:00+03:00,2026-08-02,2026-08-06T03:00:00+03:00,2026-08-06,96,-6,-6,True,xml_html_confirmed,-6,True,2026-08-03T14:01:46Z,2026-08-03T17:01:46+03:00,5f63fe270f19e7892199d04d330ee1e3611794f76286217ca7b5f126d401f852,2026-08-03T14:01:46Z,2026-08-03T14:01:46Z,valid
cc4f13d6-eccf-48bf-a3b2-2ed3b60e1f63,86,2026-08-04T03:00:00+03:00,2026-08-04,2026-08-09T03:00:00+03:00,2026-08-09,120,-8,-8,True,xml_html_confirmed,-8,True,2026-08-04T12:07:23Z,2026-08-04T15:07:23+03:00,4d4cfc0bd4bb56feecdb7608b1d72dbea661cdff583dac8bf2940336a4f5b782,2026-08-04T12:07:23Z,2026-08-04T12:07:23Z,valid
cc4f13d6-eccf-48bf-a3b2-2ed3b60e1f63,86,2026-08-04T03:00:00+03:00,2026-08-04,2026-08-05T03:00:00+03:00,2026-08-05,24,1,1,True,xml_html_confirmed,1,True,2026-08-04T12:07:23Z,2026-08-04T15:07:23+03:00,4d4cfc0bd4bb56feecdb7608b1d72dbea661cdff583dac8bf2940336a4f5b782,2026-08-04T12:07:23Z,2026-08-04T12:07:23Z,valid
cc4f13d6-eccf-48bf-a3b2-2ed3b60e1f63,86,2026-08-04T03:00:00+03:00,2026-08-04,2026-08-06T03:00:00+03:00,2026-08-06,48,-1,-1,True,xml_html_confirmed,-1,True,2026-08-04T12:07:23Z,2026-08-04T15:07:23+03:00,4d4cfc0bd4bb56feecdb7608b1d72dbea661cdff583dac8bf2940336a4f5b782,2026-08-04T12:07:23Z,2026-08-04T12:07:23Z,valid
cc4f13d6-eccf-48bf-a3b2-2ed3b60e1f63,86,2026-08-04T03:00:00+03:00,2026-08-04,2026-08-07T03:00:00+03:00,2026-08-07,72,-3,-3,True,xml_html_confirmed,-3,True,2026-08-04T12:07:23Z,2026-08-04T15:07:23+03:00,4d4cfc0bd4bb56feecdb7608b1d72dbea661cdff583dac8bf2940336a4f5b782,2026-08-04T12:07:23Z,2026-08-04T12:07:23Z,valid
cc4f13d6-eccf-48bf-a3b2-2ed3b60e1f63,86,2026-08-04T03:00:00+03:00,2026-08-04,2026-08-08T03:00:00+03:00,2026-08-08,96,-6,-6,True,xml_html_confirmed,-6,True,2026-08-04T12:07:23Z,2026-08-04T15:07:23+03:00,4d4cfc0bd4bb56feecdb7608b1d72dbea661cdff583dac8bf2940336a4f5b782,2026-08-04T12:07:23Z,2026-08-04T12:07:23Z,valid
e3a30b68-5b3e-42d0-b6e7-82411594d811,91,2026-08-02T03:00:00+03:00,2026-08-02,2026-08-07T03:00:00+03:00,2026-08-07,120,-170,-170,True,xml_with_html_mismatch,-172,False,2026-08-03T14:01:46Z,2026-08-03T17:01:46+03:00,2167d38144215e38b84c0f7f6f5dad03579be2f5c33275c82d4870a5e2170902,2026-08-03T14:01:46Z,2026-08-03T14:01:46Z,xml_html_value_mismatch
e3a30b68-5b3e-42d0-b6e7-82411594d811,91,2026-08-02T03:00:00+03:00,2026-08-02,2026-08-03T03:00:00+03:00,2026-08-03,24,-159,-159,True,xml_with_html_mismatch,-160,False,2026-08-03T14:01:46Z,2026-08-03T17:01:46+03:00,2167d38144215e38b84c0f7f6f5dad03579be2f5c33275c82d4870a5e2170902,2026-08-03T14:01:46Z,2026-08-03T14:01:46Z,xml_html_value_mismatch
e3a30b68-5b3e-42d0-b6e7-82411594d811,91,2026-08-02T03:00:00+03:00,2026-08-02,2026-08-04T03:00:00+03:00,2026-08-04,48,-161,-161,True,xml_with_html_mismatch,-163,False,2026-08-03T14:01:46Z,2026-08-03T17:01:46+03:00,2167d38144215e38b84c0f7f6f5dad03579be2f5c33275c82d4870a5e2170902,2026-08-03T14:01:46Z,2026-08-03T14:01:46Z,xml_html_value_mismatch
e3a30b68-5b3e-42d0-b6e7-82411594d811,91,2026-08-02T03:00:00+03:00,2026-08-02,2026-08-05T03:00:00+03:00,2026-08-05,72,-164,-164,True,xml_with_html_mismatch,-166,False,2026-08-03T14:01:46Z,2026-08-03T17:01:46+03:00,2167d38144215e38b84c0f7f6f5dad03579be2f5c33275c82d4870a5e2170902,2026-08-03T14:01:46Z,2026-08-03T14:01:46Z,xml_html_value_mismatch
e3a30b68-5b3e-42d0-b6e7-82411594d811,91,2026-08-02T03:00:00+03:00,2026-08-02,2026-08-06T03:00:00+03:00,2026-08-06,96,-167,-167,True,xml_with_html_mismatch,-169,False,2026-08-03T14:01:46Z,2026-08-03T17:01:46+03:00,2167d38144215e38b84c0f7f6f5dad03579be2f5c33275c82d4870a5e2170902,2026-08-03T14:01:46Z,2026-08-03T14:01:46Z,xml_html_value_mismatch
e3a30b68-5b3e-42d0-b6e7-82411594d811,91,2026-08-04T03:00:00+03:00,2026-08-04,2026-08-09T03:00:00+03:00,2026-08-09,120,-172,-172,True,xml_html_confirmed,-172,True,2026-08-04T12:07:23Z,2026-08-04T15:07:23+03:00,af589a6029149bbc53c80f6a43e3bedca3add37d65b81a891ec1c408883505bb,2026-08-04T12:07:23Z,2026-08-04T12:07:23Z,valid
e3a30b68-5b3e-42d0-b6e7-82411594d811,91,2026-08-04T03:00:00+03:00,2026-08-04,2026-08-05T03:00:00+03:00,2026-08-05,24,-162,-162,True,xml_html_confirmed,-162,True,2026-08-04T12:07:23Z,2026-08-04T15:07:23+03:00,af589a6029149bbc53c80f6a43e3bedca3add37d65b81a891ec1c408883505bb,2026-08-04T12:07:23Z,2026-08-04T12:07:23Z,valid
e3a30b68-5b3e-42d0-b6e7-82411594d811,91,2026-08-04T03:00:00+03:00,2026-08-04,2026-08-06T03:00:00+03:00,2026-08-06,48,-165,-165,True,xml_html_confirmed,-165,True,2026-08-04T12:07:23Z,2026-08-04T15:07:23+03:00,af589a6029149bbc53c80f6a43e3bedca3add37d65b81a891ec1c408883505bb,2026-08-04T12:07:23Z,2026-08-04T12:07:23Z,valid
e3a30b68-5b3e-42d0-b6e7-82411594d811,91,2026-08-04T03:00:00+03:00,2026-08-04,2026-08-07T03:00:00+03:00,2026-08-07,72,-168,-168,True,xml_html_confirmed,-168,True,2026-08-04T12:07:23Z,2026-08-04T15:07:23+03:00,af589a6029149bbc53c80f6a43e3bedca3add37d65b81a891ec1c408883505bb,2026-08-04T12:07:23Z,2026-08-04T12:07:23Z,valid
e3a30b68-5b3e-42d0-b6e7-82411594d811,91,2026-08-04T03:00:00+03:00,2026-08-04,2026-08-08T03:00:00+03:00,2026-08-08,96,-170,-170,True,xml_html_confirmed,-170,True,2026-08-04T12:07:23Z,2026-08-04T15:07:23+03:00,af589a6029149bbc53c80f6a43e3bedca3add37d65b81a891ec1c408883505bb,2026-08-04T12:07:23Z,2026-08-04T12:07:23Z,valid
e5eea969-9ccd-4b3e-9aa5-439c8f0d1ff0,90,2026-08-02T03:00:00+03:00,2026-08-02,2026-08-07T03:00:00+03:00,2026-08-07,120,-130,-130,True,xml_with_html_mismatch,-132,False,2026-08-03T14:01:46Z,2026-08-03T17:01:46+03:00,9890ea522c56c1e043a4e0d7ea67ec1d31e7867460042e225806473ad5225ace,2026-08-03T14:01:46Z,2026-08-03T14:01:46Z,xml_html_value_mismatch
e5eea969-9ccd-4b3e-9aa5-439c8f0d1ff0,90,2026-08-02T03:00:00+03:00,2026-08-02,2026-08-03T03:00:00+03:00,2026-08-03,24,-120,-120,True,xml_with_html_mismatch,-122,False,2026-08-03T14:01:46Z,2026-08-03T17:01:46+03:00,9890ea522c56c1e043a4e0d7ea67ec1d31e7867460042e225806473ad5225ace,2026-08-03T14:01:46Z,2026-08-03T14:01:46Z,xml_html_value_mismatch
e5eea969-9ccd-4b3e-9aa5-439c8f0d1ff0,90,2026-08-02T03:00:00+03:00,2026-08-02,2026-08-04T03:00:00+03:00,2026-08-04,48,-122,-122,True,xml_with_html_mismatch,-125,False,2026-08-03T14:01:46Z,2026-08-03T17:01:46+03:00,9890ea522c56c1e043a4e0d7ea67ec1d31e7867460042e225806473ad5225ace,2026-08-03T14:01:46Z,2026-08-03T14:01:46Z,xml_html_value_mismatch
e5eea969-9ccd-4b3e-9aa5-439c8f0d1ff0,90,2026-08-02T03:00:00+03:00,2026-08-02,2026-08-05T03:00:00+03:00,2026-08-05,72,-124,-124,True,xml_with_html_mismatch,-127,False,2026-08-03T14:01:46Z,2026-08-03T17:01:46+03:00,9890ea522c56c1e043a4e0d7ea67ec1d31e7867460042e225806473ad5225ace,2026-08-03T14:01:46Z,2026-08-03T14:01:46Z,xml_html_value_mismatch
e5eea969-9ccd-4b3e-9aa5-439c8f0d1ff0,90,2026-08-02T03:00:00+03:00,2026-08-02,2026-08-06T03:00:00+03:00,2026-08-06,96,-127,-127,True,xml_with_html_mismatch,-130,False,2026-08-03T14:01:46Z,2026-08-03T17:01:46+03:00,9890ea522c56c1e043a4e0d7ea67ec1d31e7867460042e225806473ad5225ace,2026-08-03T14:01:46Z,2026-08-03T14:01:46Z,xml_html_value_mismatch
e5eea969-9ccd-4b3e-9aa5-439c8f0d1ff0,90,2026-08-04T03:00:00+03:00,2026-08-04,2026-08-09T03:00:00+03:00,2026-08-09,120,-132,-132,True,xml_html_confirmed,-132,True,2026-08-04T12:07:23Z,2026-08-04T15:07:23+03:00,51a95828b6999c2e2f4f015d8a5ac31f582bdc18b3f0e44eb69de93da17c2cb8,2026-08-04T12:07:23Z,2026-08-04T12:07:23Z,valid
e5eea969-9ccd-4b3e-9aa5-439c8f0d1ff0,90,2026-08-04T03:00:00+03:00,2026-08-04,2026-08-05T03:00:00+03:00,2026-08-05,24,-124,-124,True,xml_html_confirmed,-124,True,2026-08-04T12:07:23Z,2026-08-04T15:07:23+03:00,51a95828b6999c2e2f4f015d8a5ac31f582bdc18b3f0e44eb69de93da17c2cb8,2026-08-04T12:07:23Z,2026-08-04T12:07:23Z,valid
e5eea969-9ccd-4b3e-9aa5-439c8f0d1ff0,90,2026-08-04T03:00:00+03:00,2026-08-04,2026-08-06T03:00:00+03:00,2026-08-06,48,-126,-126,True,xml_html_confirmed,-126,True,2026-08-04T12:07:23Z,2026-08-04T15:07:23+03:00,51a95828b6999c2e2f4f015d8a5ac31f582bdc18b3f0e44eb69de93da17c2cb8,2026-08-04T12:07:23Z,2026-08-04T12:07:23Z,valid
e5eea969-9ccd-4b3e-9aa5-439c8f0d1ff0,90,2026-08-04T03:00:00+03:00,2026-08-04,2026-08-07T03:00:00+03:00,2026-08-07,72,-129,-129,True,xml_html_confirmed,-129,True,2026-08-04T12:07:23Z,2026-08-04T15:07:23+03:00,51a95828b6999c2e2f4f015d8a5ac31f582bdc18b3f0e44eb69de93da17c2cb8,2026-08-04T12:07:23Z,2026-08-04T12:07:23Z,valid
e5eea969-9ccd-4b3e-9aa5-439c8f0d1ff0,90,2026-08-04T03:00:00+03:00,2026-08-04,2026-08-08T03:00:00+03:00,2026-08-08,96,-131,-131,True,xml_html_confirmed,-131,True,2026-08-04T12:07:23Z,2026-08-04T15:07:23+03:00,51a95828b6999c2e2f4f015d8a5ac31f582bdc18b3f0e44eb69de93da17c2cb8,2026-08-04T12:07:23Z,2026-08-04T12:07:23Z,valid
ec11d8f6-34c5-4d2d-afc2-4171b759c56a,5243,2026-08-02T03:00:00+03:00,2026-08-02,2026-08-07T03:00:00+03:00,2026-08-07,120,14,14,True,xml_with_html_mismatch,12,False,2026-08-03T14:01:46Z,2026-08-03T17:01:46+03:00,d9a95c267dfe64adba5f4cf3e19a482a3822d38b57d37e59fc7e1aa55ffff375,2026-08-03T14:01:46Z,2026-08-03T14:01:46Z,xml_html_value_mismatch
ec11d8f6-34c5-4d2d-afc2-4171b759c56a,5243,2026-08-02T03:00:00+03:00,2026-08-02,2026-08-03T03:00:00+03:00,2026-08-03,24,19,19,True,xml_with_html_mismatch,20,False,2026-08-03T14:01:46Z,2026-08-03T17:01:46+03:00,d9a95c267dfe64adba5f4cf3e19a482a3822d38b57d37e59fc7e1aa55ffff375,2026-08-03T14:01:46Z,2026-08-03T14:01:46Z,xml_html_value_mismatch
ec11d8f6-34c5-4d2d-afc2-4171b759c56a,5243,2026-08-02T03:00:00+03:00,2026-08-02,2026-08-04T03:00:00+03:00,2026-08-04,48,18,18,True,xml_html_confirmed,18,True,2026-08-03T14:01:46Z,2026-08-03T17:01:46+03:00,d9a95c267dfe64adba5f4cf3e19a482a3822d38b57d37e59fc7e1aa55ffff375,2026-08-03T14:01:46Z,2026-08-03T14:01:46Z,valid
ec11d8f6-34c5-4d2d-afc2-4171b759c56a,5243,2026-08-02T03:00:00+03:00,2026-08-02,2026-08-05T03:00:00+03:00,2026-08-05,72,17,17,True,xml_with_html_mismatch,16,False,2026-08-03T14:01:46Z,2026-08-03T17:01:46+03:00,d9a95c267dfe64adba5f4cf3e19a482a3822d38b57d37e59fc7e1aa55ffff375,2026-08-03T14:01:46Z,2026-08-03T14:01:46Z,xml_html_value_mismatch
ec11d8f6-34c5-4d2d-afc2-4171b759c56a,5243,2026-08-02T03:00:00+03:00,2026-08-02,2026-08-06T03:00:00+03:00,2026-08-06,96,16,16,True,xml_with_html_mismatch,14,False,2026-08-03T14:01:46Z,2026-08-03T17:01:46+03:00,d9a95c267dfe64adba5f4cf3e19a482a3822d38b57d37e59fc7e1aa55ffff375,2026-08-03T14:01:46Z,2026-08-03T14:01:46Z,xml_html_value_mismatch
ec11d8f6-34c5-4d2d-afc2-4171b759c56a,5243,2026-08-04T03:00:00+03:00,2026-08-04,2026-08-09T03:00:00+03:00,2026-08-09,120,17,17,True,xml_html_confirmed,17,True,2026-08-04T12:07:23Z,2026-08-04T15:07:23+03:00,8b55b0c902f0381018f794139522d3f7e3675b500c1d878c1eea81212f91e379,2026-08-04T12:07:23Z,2026-08-04T12:07:23Z,valid
ec11d8f6-34c5-4d2d-afc2-4171b759c56a,5243,2026-08-04T03:00:00+03:00,2026-08-04,2026-08-05T03:00:00+03:00,2026-08-05,24,24,24,True,xml_html_confirmed,24,True,2026-08-04T12:07:23Z,2026-08-04T15:07:23+03:00,8b55b0c902f0381018f794139522d3f7e3675b500c1d878c1eea81212f91e379,2026-08-04T12:07:23Z,2026-08-04T12:07:23Z,valid
ec11d8f6-34c5-4d2d-afc2-4171b759c56a,5243,2026-08-04T03:00:00+03:00,2026-08-04,2026-08-06T03:00:00+03:00,2026-08-06,48,22,22,True,xml_html_confirmed,22,True,2026-08-04T12:07:23Z,2026-08-04T15:07:23+03:00,8b55b0c902f0381018f794139522d3f7e3675b500c1d878c1eea81212f91e379,2026-08-04T12:07:23Z,2026-08-04T12:07:23Z,valid
ec11d8f6-34c5-4d2d-afc2-4171b759c56a,5243,2026-08-04T03:00:00+03:00,2026-08-04,2026-08-07T03:00:00+03:00,2026-08-07,72,21,21,True,xml_html_confirmed,21,True,2026-08-04T12:07:23Z,2026-08-04T15:07:23+03:00,8b55b0c902f0381018f794139522d3f7e3675b500c1d878c1eea81212f91e379,2026-08-04T12:07:23Z,2026-08-04T12:07:23Z,valid
ec11d8f6-34c5-4d2d-afc2-4171b759c56a,5243,2026-08-04T03:00:00+03:00,2026-08-04,2026-08-08T03:00:00+03:00,2026-08-08,96,19,19,True,xml_html_confirmed,19,True,2026-08-04T12:07:23Z,2026-08-04T15:07:23+03:00,8b55b0c902f0381018f794139522d3f7e3675b500c1d878c1eea81212f91e379,2026-08-04T12:07:23Z,2026-08-04T12:07:23Z,valid
fda97819-adbe-448c-bb6b-85e4aea435af,92,2026-08-02T03:00:00+03:00,2026-08-02,2026-08-07T03:00:00+03:00,2026-08-07,120,-69,-69,True,xml_with_html_mismatch,-70,False,2026-08-03T14:01:46Z,2026-08-03T17:01:46+03:00,c4ca6a50e9ba010ff0e331b2d04ab1b557b96842bfa7508ccf4e3e1ac0b5fffd,2026-08-03T14:01:46Z,2026-08-03T14:01:46Z,xml_html_value_mismatch
fda97819-adbe-448c-bb6b-85e4aea435af,92,2026-08-02T03:00:00+03:00,2026-08-02,2026-08-03T03:00:00+03:00,2026-08-03,24,-56,-56,True,xml_with_html_mismatch,-58,False,2026-08-03T14:01:46Z,2026-08-03T17:01:46+03:00,c4ca6a50e9ba010ff0e331b2d04ab1b557b96842bfa7508ccf4e3e1ac0b5fffd,2026-08-03T14:01:46Z,2026-08-03T14:01:46Z,xml_html_value_mismatch
fda97819-adbe-448c-bb6b-85e4aea435af,92,2026-08-02T03:00:00+03:00,2026-08-02,2026-08-04T03:00:00+03:00,2026-08-04,48,-59,-59,True,xml_with_html_mismatch,-61,False,2026-08-03T14:01:46Z,2026-08-03T17:01:46+03:00,c4ca6a50e9ba010ff0e331b2d04ab1b557b96842bfa7508ccf4e3e1ac0b5fffd,2026-08-03T14:01:46Z,2026-08-03T14:01:46Z,xml_html_value_mismatch
fda97819-adbe-448c-bb6b-85e4aea435af,92,2026-08-02T03:00:00+03:00,2026-08-02,2026-08-05T03:00:00+03:00,2026-08-05,72,-63,-63,True,xml_with_html_mismatch,-65,False,2026-08-03T14:01:46Z,2026-08-03T17:01:46+03:00,c4ca6a50e9ba010ff0e331b2d04ab1b557b96842bfa7508ccf4e3e1ac0b5fffd,2026-08-03T14:01:46Z,2026-08-03T14:01:46Z,xml_html_value_mismatch
fda97819-adbe-448c-bb6b-85e4aea435af,92,2026-08-02T03:00:00+03:00,2026-08-02,2026-08-06T03:00:00+03:00,2026-08-06,96,-66,-66,True,xml_with_html_mismatch,-68,False,2026-08-03T14:01:46Z,2026-08-03T17:01:46+03:00,c4ca6a50e9ba010ff0e331b2d04ab1b557b96842bfa7508ccf4e3e1ac0b5fffd,2026-08-03T14:01:46Z,2026-08-03T14:01:46Z,xml_html_value_mismatch
fda97819-adbe-448c-bb6b-85e4aea435af,92,2026-08-04T03:00:00+03:00,2026-08-04,2026-08-09T03:00:00+03:00,2026-08-09,120,-71,-71,True,xml_html_confirmed,-71,True,2026-08-04T12:07:23Z,2026-08-04T15:07:23+03:00,4be01db91523d646c81f8e74166400d9f03f6e856262190bdc1d2112b7e4ea0b,2026-08-04T12:07:23Z,2026-08-04T12:07:23Z,valid
fda97819-adbe-448c-bb6b-85e4aea435af,92,2026-08-04T03:00:00+03:00,2026-08-04,2026-08-05T03:00:00+03:00,2026-08-05,24,-61,-61,True,xml_html_confirmed,-61,True,2026-08-04T12:07:23Z,2026-08-04T15:07:23+03:00,4be01db91523d646c81f8e74166400d9f03f6e856262190bdc1d2112b7e4ea0b,2026-08-04T12:07:23Z,2026-08-04T12:07:23Z,valid
fda97819-adbe-448c-bb6b-85e4aea435af,92,2026-08-04T03:00:00+03:00,2026-08-04,2026-08-06T03:00:00+03:00,2026-08-06,48,-64,-64,True,xml_html_confirmed,-64,True,2026-08-04T12:07:23Z,2026-08-04T15:07:23+03:00,4be01db91523d646c81f8e74166400d9f03f6e856262190bdc1d2112b7e4ea0b,2026-08-04T12:07:23Z,2026-08-04T12:07:23Z,valid
fda97819-adbe-448c-bb6b-85e4aea435af,92,2026-08-04T03:00:00+03:00,2026-08-04,2026-08-07T03:00:00+03:00,2026-08-07,72,-67,-67,True,xml_html_confirmed,-67,True,2026-08-04T12:07:23Z,2026-08-04T15:07:23+03:00,4be01db91523d646c81f8e74166400d9f03f6e856262190bdc1d2112b7e4ea0b,2026-08-04T12:07:23Z,2026-08-04T12:07:23Z,valid
fda97819-adbe-448c-bb6b-85e4aea435af,92,2026-08-04T03:00:00+03:00,2026-08-04,2026-08-08T03:00:00+03:00,2026-08-08,96,-69,-69,True,xml_html_confirmed,-69,True,2026-08-04T12:07:23Z,2026-08-04T15:07:23+03:00,4be01db91523d646c81f8e74166400d9f03f6e856262190bdc1d2112b7e4ea0b,2026-08-04T12:07:23Z,2026-08-04T12:07:23Z,valid
